productId,brandName,productName,price,discountRate,currentlyViewing,currentlyBuying,ranking,trending,colors,date
4274049,리메인세컨드,빈티지 캣워싱 와이드 데님 팬츠 [옐로우 워싱],24800,43,1200,197,1,0,,20241128
4483613,더콜디스트모먼트,TCM starfish sweat pants (grey),78400,20,147,41,2,0,grey,20241128
4308187,디미트리블랙,[기모선택] VLAD 원턱 피그먼트 페이드 워싱 스웻 팬츠_블랙,23900,49,689,91,3,0,블랙,20241128
4164429,언탭트 스튜디오,빈티지 프론트 워싱 와이드 청바지 데님 팬츠,26900,50,420,83,4,0,,20241128
4293047,더콜디스트모먼트,TCM starfish chino pants (brown),92650,15,286,0,5,0,brown,20241128
4300655,데케트,Balloon Wide Jeans DCPT055Black,37200,40,464,48,6,0,black,20241128
4398163,에스피오나지,Selvedge Relaxed Denim Pants Dark Indigo,98600,15,114,0,7,0,,20241128
4431870,오피쉬,"와이드 레오파드 팬츠, 챠콜",58860,46,310,30,8,0,,20241128
4241658,언탭트 스튜디오,YKK 바이오워싱 와이드 카고 데님팬츠,30650,50,786,85,9,0,,20241128
4358823,브랜디드,1792 OLD SOUL JEANS [WIDE STRAIGHT],66950,35,234,0,10,0,,20241128
4319523,토피,카펜터 퍼티그 워크 코튼 팬츠 (SAND GREY),29500,50,387,51,11,0,grey,20241128
4556222,시그니처,더블니 기모 트레이닝 팬츠[멜란지그레이],24900,58,285,61,12,0,그레이,20241128
4274045,리메인세컨드,빈티지 캣워싱 와이드 데님 팬츠 [샌드 블루],34800,20,470,44,13,0,블루,20241128
4539005,바운더리,(기모) 투턱 와이드 롱 스웨트 팬츠 2color,29900,70,247,55,14,0,,20241128
4309321,어널러코드,엠보워싱 데님팬츠 (진청),28500,50,252,41,15,0,,20241128
4308176,디미트리블랙,바이오워싱 와이드 카펜터 데님 팬츠_더스트블랙,21900,51,230,47,16,1,블랙,20241128
4381625,스켈리웩,스윙 벌룬핏 데님[블랙],47900,27,218,0,17,0,블랙,20241128
4308206,디미트리블랙,VLAD 라운드 슬래쉬 데님 팬츠_더스트 인디고,22900,49,220,34,18,0,,20241128
4467789,언탭트 스튜디오,원턱 와이드 밴딩 슬랙스 3Color,19095,45,833,55,19,0,,20241128
4229168,무신사 스탠다드 우먼,[힛탠다드] 우먼즈 헤비웨이트 속기모 딥 턱 와이드 슬랙스 [블랙],29890,40,348,37,20,0,블랙,20241128
4543780,오로,[기모Ver] 클래식 코듀로이 팬츠_6Color,41900,51,309,0,21,0,,20241128
4293032,더콜디스트모먼트,TCM starfish chino pants (black),92650,15,136,0,22,0,black,20241128
4548299,시그니처,원턱 코듀로이 와이드 팬츠[브라운],29900,46,254,0,23,0,브라운,20241128
4293708,수아레,울 블렌드 원 턱 슬랙스 - 3 COLOR,47900,36,133,0,24,0,,20241128
4579922,이에이,[이에이 X 짱구대디] ANGLE CARGO PANTS 2Color,69000,59,74,0,25,0,,20241128
4365478,어프레쉬,에센셜 베이직 조거팬츠 2 COLOR,28100,40,60,0,26,0,,20241128
4300665,데케트,Balloon Wide Jeans DCPT055YLBlackB,37100,40,119,0,27,0,black,20241128
4471064,브렌슨,(Renew Ver.) 투턱 와이드 스웨트 팬츠 ( 4Color ) ( 기모선택 ),23900,42,175,46,28,0,,20241128
4309389,어널러코드,헤링본 도밍고 데님팬츠 (진청),39900,30,33,0,29,0,,20241128
4467373,브렌슨,B. 스트링 와이드 벌룬 핏 스웨트 팬츠 ( 5Color ),36800,20,125,0,30,0,,20241128
4298720,엑스톤즈,XP234 리온 와이드 코튼 팬츠 (BLACK),62300,30,80,0,31,0,black,20241128
4518579,브랜디드,1761 BLACK SWAN JEANS [EXTRA WIDE STRAIGHT],80900,25,38,0,32,0,black,20241128
4342152,엑스컨테이너,원턱 와이드 코듀로이 팬츠 (BROWN),33000,40,175,0,33,0,brown,20241128
4492058,스톤아일랜드,나일론 메탈 와펜 조거 팬츠 - 블랙 / 811531019V0029,474990,54,10,0,34,0,블랙,20241128
4614741,어나더 오피스,Santiago Mild Slacks (Black),223200,10,0,0,35,0,black,20241128
4316839,비긴202,Veneta Two Tuck Denim Pants [Vintage Black],111750,25,25,0,36,0,black,20241128
4249837,나이키,클럽 플리스 오버사이즈 프렌치 테리 팬츠 M - 블랙:화이트 / HJ1823-010,85500,10,33,0,37,0,블랙 | 화이트,20241128
4302299,위캔더스,APPLE DENIM PANTS (BLACK),85140,34,30,0,38,0,black,20241128
4431865,오피쉬,"와이드 레오파드 팬츠, 브라운",69760,36,69,0,39,0,브라운,20241128
4368566,무신사 스탠다드,브러쉬드 투 턱 와이드 히든 밴딩 슬랙스 [블랙],43090,20,29,0,40,0,블랙,20241128
4336570,엑스컨테이너,딥 워싱 와이드 데님 팬츠 (WASHED BLACK),27500,50,274,40,41,0,black,20241128
4417677,필루미네이트,오버랩 스웨트 팬츠-블랙,24500,55,29,0,42,0,블랙,20241128
4422898,밀로 아카이브,리플렉트 커브드 팬츠 [브라운],51900,41,36,0,43,1,브라운,20241128
4531765,퍼스트플로어,도슨 팬츠 (5가지 컬러),76300,30,18,0,44,0,,20241128
4521266,나이키,클럽 플리스 번지 팬츠 M - 블랙:화이트 / FZ0810-010,89000,0,12,0,45,0,블랙 | 화이트,20241128
4250210,어반디타입,홈보이 벌룬 워크 팬츠_베이지,49240,29,57,0,46,0,,20241128
4250212,어반디타입,홈보이 벌룬 워크 팬츠_카키,49240,29,67,0,47,0,,20241128
4461189,아캄,Needlework Carpenter Denim Pants (Blue),169100,10,12,0,48,0,blue,20241128
4300670,데케트,Balloon Wide Jeans DCPT055YLBlueB,37100,40,44,0,49,0,blue,20241128
4441071,고요웨어,코듀라 써멀 팬츠 (블랙),167320,11,21,0,50,0,블랙,20241128
4496182,아디다스,테디 플리스 트랙 팬츠 - 블랙 / IX5502,53990,45,52,0,51,0,블랙,20241128
4590716,배드블러드,빌리 배럴 레더 트랙 팬츠 - 블랙,159200,20,0,0,52,0,블랙,20241128
4557903,엔피스튜디오,빈티지 네츄럴 워싱 와이드 데님 팬츠 흑청,32800,58,31,0,53,0,,20241128
4277680,아이돈워너셀,Andy Twill Balloon Cargo Pants Charcoal,103200,20,21,0,54,0,charcoal,20241128
4322580,락케이크,96 Applique 2way Jogger - Black,76300,30,40,0,55,0,black,20241128
4387428,스노우피크 어패럴,라고 약기모 카고 조거 팬츠 Black (S24WMTPT34),151050,5,0,0,56,0,black,20241128
4506373,아크시,루즈 워시드 벌룬핏 와이드 데님 팬츠 유니섹스 (블랙/블루),31920,20,55,0,57,0,블랙 | 블루,20241128
4438637,이티씨이,DOUBLE KNEE DESTROYED PANTS (VINTAGE CAMO),146300,30,0,0,58,0,,20241128
4518576,브랜디드,1716 HEAVY SMOKER JEANS [MAX WIDE STRAIGHT],95900,25,11,0,59,0,,20241128
4332686,스켈리웩,카모플라쥬 트레이닝 팬츠[그레이],39910,42,55,0,60,0,그레이,20241128
4507585,인템포무드,레트로 스트라이프 와이드 슬랙스_블랙,69600,20,20,0,61,0,블랙,20241128
4541307,언탭트 스튜디오,[2PACK]원턱 와이드 코듀로이 밴딩 팬츠 3Color,39107,45,119,0,62,0,,20241128
4266754,필루미네이트,핀 턱 테이핑 트레이닝 팬츠-블랙,29900,48,61,0,63,0,블랙,20241128
4483611,더콜디스트모먼트,TCM starfish sweat pants (black),78400,20,334,0,64,0,black,20241128
4283750,언탭트 스튜디오,[2PACK]딥 원턱 와이드 롱 스웨트 트레이닝 팬츠 2 COLOR,34373,45,23,0,65,0,,20241128
4543073,어게인스트 올 오즈,와이드 워싱 데님 팬츠 - 4COLOR [ONE OR TWO],12200,69,141,39,66,0,,20241128
4578368,프렌치시크,컷팅라이트 밍크기모 와이드 절개 데님팬츠,52200,10,43,0,67,0,,20241128
4329823,에이치덱스,우먼스 와이드 리버스 스웨트 팬츠 (Black),82800,10,0,0,68,0,black,20241128
4288947,디미트리블랙,ASI All-Sunday 와이드 데님 팬츠_더스트 인디고,33800,11,91,0,69,0,,20241128
4329713,말본 골프,기모 부츠컷 팬츠 BLACK (WOMAN),239400,40,0,0,70,0,black,20241128
4216286,나이키,ACG UV 하이킹 팬츠 M - 블랙:앤트러사이트:서밋 화이트 / FN2451-010,119200,20,16,0,71,0,블랙 | 화이트,20241128
4409079,브랜디드,WIDE DENIM PANTS [LIGHT BLUE],58800,40,11,0,72,0,blue,20241128
4283718,언탭트 스튜디오,딥 원턱 와이드 롱 스웨트 트레이닝 팬츠 2 COLOR,24860,30,41,0,73,0,,20241128
4623211,어프레쉬,[기모버전] 에어스트레치 조거팬츠_블랙 트레이닝,27900,54,16,0,74,0,블랙,20241128
4358873,브랜디드,51078 CONE ONYX JEANS [WIDE FLARE],82600,30,19,0,75,0,,20241128
4544912,칙스,테린 코듀로이 융기모 팬츠 Black,31400,36,50,0,76,0,black,20241128
4456208,어게인스트 올 오즈,바이오워싱 원턱 와이드 데님 팬츠 [블랙],15700,70,0,0,77,1,블랙,20241128
4594684,아크시,기모 남여공용 블랙 워싱 벌룬핏 와이드 데님 유니섹스(블랙/블루/진청),31920,20,53,0,78,0,블랙 | 블루,20241128
4376406,아모멘토,MENS COTTON NYLON FATIGUE PANTS (2COLORS),210680,8,0,0,79,0,,20241128
4493196,오와이,WIDE VOLUME WASHED DENIM PANTS - WASHED BLUE,69825,29,14,0,80,0,blue,20241128
4308186,디미트리블랙,VLAD 원턱 피그먼트 페이드 워싱 스웻 팬츠_네이비,33800,28,126,0,81,0,네이비,20241128
4602375,언더오프,융기모 히트 루즈핏 워싱 데님 인디고,29900,35,13,0,82,0,,20241128
4471507,데케트,[기모본딩]Mid Rise Wide Jeans DCPT027WYLBlack,41400,40,13,0,83,0,black,20241128
4277451,글랙,GP094 본스티치 카모 벌룬 팬츠 (BLACK CAMO),66750,25,11,0,84,0,black,20241128
4382322,제이엘브,원턱 헤비코튼 라인 와이드 팬츠,49000,42,31,0,85,0,,20241128
4383328,페이더먼트,[S~4XL] 피그먼트 절개 조거 팬츠,24000,60,18,0,86,0,,20241128
4441605,밀로 아카이브,가먼트 워시드 실루엣 팬츠 [블랙],96600,30,17,0,87,0,블랙,20241128
4330060,드로우핏,에센셜 와이드 원턱 코듀로이 팬츠 [BLACK],48000,20,13,0,88,0,black,20241128
4431526,비긴202,One Tuck Wide Slacks Denim Pants [Khaki Blue],95200,20,11,0,89,0,blue,20241128
4300479,데케트,Curved Wide Jeans DCPT033CPBrown,37200,40,78,0,90,0,brown,20241128
4424071,테이크이지,벌룬 와이드핏 데님팬츠 (옐로우블루),48850,45,56,0,91,0,블루,20241128
4230726,무신사 스탠다드 우먼,[힛탠다드] 우먼즈 속기모 와이드 데님 팬츠 [딥 인디고],37690,30,62,0,92,0,,20241128
4514512,트릴리온,울 라이크 인버티드 턱 와이드 팬츠 [블랙],45450,20,14,0,93,0,블랙,20241128
4302289,위캔더스,PIERROT DENIM PANTS (DENIM),59340,54,22,0,94,0,,20241128
4296165,크리틱,WORMHOLE STUD PANTS BLACK,59500,50,25,0,95,0,black,20241128
4302803,헨리코튼,[British Sporting Club] Pleated heavy corduroy pants_AHPAW24731YEX,179100,10,0,0,96,0,,20241128
4289576,코드그라피,[기모VER.] [스트링 OR 카고 선택] 나일론 팬츠_9COLOR,44100,10,13,0,97,0,,20241128
4300387,데케트,Dawn Semi Wide Jeans DCPT002DBlueB,27900,55,23,0,98,0,blue,20241128
4350248,세컨모놀로그,(겨울.ver)스트링 포켓 나일론 패딩 팬츠 [BLACK]_SEPT048BLACK,42800,60,87,0,99,0,black,20241128
4483981,나이키,스포츠웨어 스우시 오픈 헴 플리스 팬츠 M - 블랙:화이트 / FN3343-010,135000,0,22,0,100,0,블랙 | 화이트,20241128
4537518,라퍼지스토어,코듀로이 스프레드 워싱 카펜터 팬츠_Faded Charcoal,55900,25,12,0,101,0,charcoal,20241128
4304152,아캄,Western Studded Cotton Pants (Black),167300,10,13,0,102,0,black,20241128
4295786,시티브리즈 우먼,2489 와이드 데님 팬츠_BLACK,83300,30,0,0,103,0,black,20241128
4309395,어널러코드,헤링본 도밍고 데님팬츠 (흑청),39900,30,13,0,104,0,,20241128
4462781,아디다스,3S 플리스 스웨트 팬츠 - 블랙 / IZ4798,52990,40,21,0,105,0,블랙,20241128
4458113,에이치덱스,우먼스 라이트 코튼 짐 부츠컷 스웨트 팬츠 (Black),52500,30,21,0,106,0,black,20241128
4326552,디미트리블랙,ASI 포시즌 워시드 스트레이트핏 데님 팬츠_빈티지블랙,30800,23,17,0,107,0,블랙,20241128
4323442,무신사 스탠다드,시티 레저 어니언 패딩 벨티드 카고 팬츠 [그레이],76390,15,62,0,108,0,그레이,20241128
4347605,쿠어,와이드레그 심 워싱 진스 (워시드블랙),153000,10,11,0,109,0,블랙,20241128
4432613,칙스,다이닝 벌룬 와이드 코듀로이 팬츠 Brown,34500,27,74,0,110,0,brown,20241128
4096674,아워데이즈,[S사이즈 추가] 웨이비 커브드 와이드 데님 팬츠 [WHITE],37200,40,31,0,111,0,white,20241128
4376515,어반드레스,Accent Back String Pants BLACK,49200,40,37,0,112,0,black,20241128
4314665,와르,[-6cm 숏버전 추가] M233 더블캣 와이드팬츠_진청,49900,61,23,0,113,0,,20241128
4223417,앤드엔드,백워드 스웻팬츠_검정,148000,0,0,0,114,0,,20241128
4522605,엠오오,웨이브 벌룬 와이드 데님 팬츠 - 다크브라운,48600,40,30,0,115,0,브라운,20241128
4438639,이티씨이,DOUBLE KNEE DESTROYED PANTS (BLACK),146300,30,35,0,116,0,black,20241128
4479296,이티씨이,PROTOTYPE LAYERED CARGO PANTS (BLACK),146300,30,10,0,117,0,black,20241128
4330061,드로우핏,에센셜 와이드 원턱 코듀로이 팬츠 [BROWN],48000,20,86,0,118,0,brown,20241128
4548302,시그니처,원턱 코듀로이 와이드 팬츠[블랙],36000,35,41,0,119,0,블랙,20241128
4621910,우아,글로시 패딩 팬츠 (그레이),143100,10,0,0,120,0,그레이,20241128
4453385,클로브,[24FW clove] Quilted Shorts (Ivory),142200,10,0,0,121,0,,20241128
4438253,마인드브릿지,[SET][원턱선택]두굿_[웜]세미와이드밴딩슬랙스 - 3color,142000,11,0,0,122,0,,20241128
4609744,미학,메탈 로고 스웻팬츠 (BLACK),47200,20,0,0,123,0,black,20241128
4455413,티떠블유엔,코퍼 피그먼트 와이드 스웨트팬츠 브라운 JYLP3571,45900,23,15,0,124,0,브라운,20241128
4319658,모즈모즈,테리 기모 피그먼트 와이드 원턱 스트링 트레이닝팬츠 챠콜,50200,30,19,0,125,0,,20241128
4332402,커버낫 우먼,우먼 케이블 기모 밴딩 팬츠 애쉬 블루,67900,31,17,0,126,0,블루,20241128
4470640,인템포무드,에어본 패러슈트 팬츠_블랙,67150,15,10,0,127,0,블랙,20241128
4554483,빈트릴,에센셜 해시태그 로고 기모 스웻 팬츠(멜란지 그레이),64900,45,0,0,128,0,그레이,20241128
4368565,무신사 스탠다드,브러쉬드 원 턱 와이드 밴딩 팬츠 [브라운],43090,20,58,0,129,0,브라운,20241128
4342085,엑스컨테이너,세미 와이드 부츠컷 데님 팬츠 (WASHED BLACK),31900,42,18,0,130,0,black,20241128
4229169,무신사 스탠다드 우먼,[힛탠다드] 우먼즈 헤비웨이트 속기모 딥 턱 와이드 슬랙스 [미디엄 그레이],42390,15,81,0,131,0,그레이,20241128
4478833,포스센스티브,FST WIDE DENIM BL,128900,7,17,0,132,0,,20241128
4089377,무신사 스탠다드,빅 브러쉬 와이드 데님 팬츠 [블랙],43090,20,26,0,133,0,블랙,20241128
4368562,무신사 스탠다드,브러쉬드 원 턱 와이드 밴딩 팬츠 [그레이],43090,20,0,0,134,0,그레이,20241128
4325090,언아웃핏,워시드 밴딩 빅벌룬 데님팬츠 연청,42660,46,19,0,135,0,,20241128
4318843,알리스,내츄럴 트윈 워시드 맥시 데님 팬츠 [인디고 레드],63750,25,0,0,136,0,,20241128
4342086,엑스컨테이너,세미 와이드 부츠컷 데님 팬츠 (MEDIUM INDIGO),33000,40,71,0,137,0,,20241128
4210167,무신사 스탠다드,코듀로이 파라슈트 팬츠 [토프],41890,30,36,0,138,0,,20241128
4089376,무신사 스탠다드,빅 브러쉬 와이드 데님 팬츠 [옐로우 블랙],40390,25,19,0,139,0,블랙,20241128
4265305,테켓,Dot-com Down Pants Black,125300,30,12,0,140,0,black,20241128
4517325,브루클린웍스 어패럴,다운타운팬츠 1.0_올리브,125300,30,0,0,141,0,,20241128
4471505,데케트,[기모본딩]Mid Rise Wide Jeans DCPT027WHLBlue,41400,40,11,0,142,0,blue,20241128
4534322,르바,Mellow Corduroy Bootcut Pants - Brownie Brown,122550,5,0,0,143,0,brown,20241128
4534349,르바,Mellow Corduroy Bootcut Pants - Darknight Navy,122550,5,0,0,144,0,navy,20241128
4369456,테슬라,러닝 기모 타이즈 레깅스,23840,20,14,0,145,0,,20241128
4278907,엘무드,잔느 플레어 데님 블루블랙,121400,10,0,0,146,0,블랙 | 블루,20241128
4556448,스켈리웩,기모 벌룬핏 스웨트 팬츠[브라운],39900,32,17,0,147,0,브라운,20241128
4210131,무신사 스탠다드,시티 레저 CN 벨티드 유틸리티 팬츠 [블랙],59390,15,41,0,148,0,블랙,20241128
4554861,블루브릭,Joy tuck corduroy pants (navy),119000,0,0,0,149,0,navy,20241128
4471860,어게인스트 올 오즈,워시드 빈티지 와이드 벌룬 데님 팬츠 [더스트 블랙],24200,56,23,0,150,0,블랙,20241128
4338951,혼다 모터사이클,Honda Logo Artwork Sweat Pants Black,59200,25,0,0,151,0,black,20241128
4341064,토런스,파이핑 트랙 와이드 팬츠,59000,40,26,0,152,0,,20241128
4190016,마뗑킴,CUT OUT POINT DENIM SHORTS IN BLACK,118000,0,0,0,153,0,black,20241128
4423193,프리즘웍스,WASHED DENIM DOUBLE KNEE PANTS _ WASHED OLIVE,117300,15,0,0,154,0,,20241128
4384390,쿠어,스트레이트레그 코듀로이 트라우저 (브라운),117000,10,10,0,155,0,브라운,20241128
4148224,이우가마카라스,Ribbon Denim Pants (Black),116800,20,11,0,156,0,black,20241128
4397794,토피,카펜터 프론트 워싱 와이드 데님 팬츠 (VINTAGE BLUE),38350,35,10,0,157,0,blue,20241128
4413604,인사일런스,코듀로이 퍼티그 팬츠 ASH BROWN,116200,30,0,0,158,0,brown,20241128
4260531,아디다스,애틀랜타 커트라인 트랙 팬츠 - 블랙 / IW5509,56990,48,31,0,159,0,블랙,20241128
4330161,제이엘브,핀턱 루즈핏 라운지 팬츠,23000,66,35,0,160,0,,20241128
4312708,무신사 스탠다드,데님 파라슈트 카고 팬츠 [워시드 블랙],55890,20,14,0,161,0,블랙,20241128
4425901,리,트위치 로고 와이드 기모 스웻 팬츠 그레이,55300,30,18,0,162,0,그레이,20241128
4367900,에즈이프 캘리,GURLS LOGO SWEAT PANTS BLACK,55300,30,0,0,163,0,black,20241128
4350275,챔브로스,우먼즈 세미 와이드 워싱  데님팬츠[딥블루],36400,30,58,0,164,0,블루,20241128
4336616,엑스컨테이너,클래식 원턱 코튼 치노 팬츠 (BEIGE),38400,41,13,0,165,0,,20241128
4268661,스파오,[프렌치테리] 와이드 스웨트팬츠(기모)_SPMTE4TC11,26900,10,25,0,166,0,,20241128
4313150,마인드브릿지,퍼티그블랙로우데님팬츠 MYDP6151,53800,40,10,0,167,0,블랙,20241128
4463980,엔와이엑스엑스,EMBLEM PRINTING JOGGER PANTS CAMO,53400,40,0,0,168,0,,20241128
4365929,노스페이스,NP6NQ54A 남성 베스파 카고 팬츠_BLACK,106990,40,0,0,169,0,black,20241128
4330051,드로우핏,와이드 퍼티그 치노 팬츠 [BEIGE],52800,20,10,0,170,0,,20241128
4263003,언더아머,퀄리파이어 런 엘리트 팬츠 1379289-001,105800,29,0,0,171,0,,20241128
4313203,수아레,플리스 멀티 밴딩 팬츠 - 4 COLOR,35000,30,25,0,172,0,,20241128
4629525,헨리코튼,[Fly Fishing Club] Pleated wide pants_AZPAW23220IVX,105300,46,0,0,173,0,,20241128
4344915,엑스트라오디너리,DOUBLE KNEE DENIM RAW DENIM,104300,30,13,0,174,0,,20241128
4302444,위캔더스,APPLIQUE DENIM PANTS (DENIM),103350,35,0,0,175,0,,20241128
4312719,무신사 스탠다드,시티 레저 벨티드 데님 파라슈트 팬츠 [딥 인디고],51090,20,0,0,176,0,,20241128
4368867,프리즘웍스,FRENCH PARATROOPER SWEAT PANTS _ BLACK BROWN,102400,20,0,0,177,0,black | brown,20241128
4417453,수아레,네오프렌 멀티 밴딩 팬츠 블랙,24900,50,25,0,178,0,블랙,20241128
4340490,엑스톤즈 우먼,WXP013 미야옹 핫픽스 데님 팬츠 (BLACK),59400,40,31,0,179,0,black,20241128
4334135,마카사이트,더블니 카펜터 데님 팬츠 크림,32900,44,27,0,180,0,,20241128
4394392,나이키,클럽 플리스 조거 팬츠 M - 블랙:세이프티 오렌지 / FN3095-010,99000,0,0,0,181,0,블랙,20241128
4256432,케이투,BOOST_가을 스탠다드 팬츠 골드핏_Light Brown,99000,40,0,0,182,0,brown,20241128
4525525,본투윈,CHROME B BLACK LINE WIDE PANTS [MELANGE GREY],98000,10,14,0,183,0,black | grey,20241128
4525524,본투윈,CHROME B BLACK LINE WIDE PANTS [WHITE],98000,10,0,0,184,0,black | white,20241128
4302446,위캔더스,CHAIN STITCH DENIM PANTS (DENIM),97300,30,15,0,185,0,,20241128
4166986,씨큐알,아웃도어 택티컬 카고바지 CQ-TLP117,31840,20,25,0,186,0,,20241128
4210137,무신사 스탠다드,시티 레저 CN 원 턱 와이드 밴딩 팬츠 [블랙],47890,20,0,0,187,0,블랙,20241128
4586411,칙스,슬림 융기모 부츠컷 블랙,31900,35,13,0,188,0,블랙,20241128
4393709,프렌치시크,릴랙스 탄탄코튼 오버핏 트레이닝 팬츠,45900,15,0,0,189,0,,20241128
4241237,무신사 스탠다드,빅 와이드 데님 팬츠 [워시드 블랙],45790,15,0,0,190,0,블랙,20241128
4575654,아캄,Leopard Pattern Cotton Pants (Purple),140300,10,11,0,191,0,,20241128
4430675,필루미네이트,빈티지 커브드 데님 팬츠-빈티지 옐로우,44990,29,51,0,192,0,,20241128
4225247,무신사 스탠다드,루즈 배기 데님 팬츠 [러스티 블랙],37690,30,15,0,193,0,블랙,20241128
4413946,비슬로우,[비슬로우X데릭]COTTON TWILL CARGO PANTS CHARCOAL,89250,25,0,0,194,0,charcoal,20241128
4300522,데케트,Dawn Mega Wide Jeans DCPT043DBlueB,44400,40,17,0,195,0,blue,20241128
4514452,트릴리온,니 벨트 루프 웨이브 워시드 데님 팬츠 [블루 그레이],28800,40,17,0,196,0,블루 | 그레이,20241128
4556433,스켈리웩,폴라폴리스 라인 트레이닝 팬츠[그레이],43000,27,30,0,197,0,그레이,20241128
4229173,무신사 스탠다드 우먼,[힛탠다드] 우먼즈 헤비웨이트 속기모 딥 턱 와이드 슬랙스 [라이트 베이지],42390,15,28,0,198,0,,20241128
4372283,배드블러드,클래식 로고 2 Way 커브드 조거 트라우져 - 블랙,84800,20,0,0,199,0,블랙,20241128
4302947,디스이즈네버댓,Warm Up Pant Black,83300,30,0,0,200,0,black,20241128
4302914,디스이즈네버댓,Sports Track Pant Blue,83300,30,0,0,201,0,blue,20241128
4369756,에스피오나지,Cliff Relaxed Denim Pants Warm Grey,81600,15,10,0,202,0,grey,20241128
4133032,썸웨어버터,Patch Denim Short Pants - Middle Blue,80100,10,0,0,203,0,blue,20241128
4417679,필루미네이트,더즌 섹션 스웨트 팬츠-브라운,39900,26,22,0,204,0,브라운,20241128
4345121,후크,빈티지 와이드 데님진 (중청),39840,40,19,0,205,0,,20241128
4347685,후크,빈티지 와이드 데님진 (블랙),39840,40,15,0,206,0,블랙,20241128
4403729,프렌치시크,로우 스퀘어 포켓 와이드 생지데님 팬츠,39800,0,13,0,207,0,,20241128
4504744,엔피스튜디오,사이드 턱 워싱 와이드 벌룬 팬츠 중청,39800,55,16,0,208,0,,20241128
4274042,리메인세컨드,빈티지 캣워싱 와이드 데님 팬츠 [다크 블루],34800,20,230,0,209,1,블루,20241128
4556449,스켈리웩,기모 벌룬핏 스웨트 팬츠[라이트그레이],39900,32,25,0,210,0,그레이,20241128
4344254,썸플레이스,유니섹스 히든 스트링 와이드 키링 워싱 벌룬 데님 팬츠 [흑청],39800,39,11,0,211,0,,20241128
4460054,엘엠씨,VELOUR PIPING PANTS black,78480,28,0,0,212,0,black,20241128
4306136,브랜디드,COMFY JEANS (SMOKY LIGHT BLUE),78400,20,10,0,213,0,blue,20241128
4409483,어게인스트 올 오즈,사이드 턱 스냅 와이드 스웨트 팬츠 [블랙],19000,62,0,0,214,0,블랙,20241128
4336522,토피,더스티 워시드 와이드 데님 팬츠 (SAND INDIGO),38350,35,13,0,215,0,,20241128
4358808,브랜디드,1791 MUD BROWN JEANS [WIDE STRAIGHT],68600,30,65,0,216,0,brown,20241128
4089381,무신사 스탠다드,빅 브러쉬 와이드 데님 팬츠 [그레이],37690,30,11,0,217,0,그레이,20241128
4376523,어반드레스,Basic Brush Daily Wide Pants BLACK,37520,41,12,0,218,0,black,20241128
4375134,아디다스,프리미엄 에센셜 데님 벌룬 팬츠 - 데님 / IW5760,74990,50,0,0,219,0,,20241128
4096675,아워데이즈,[S사이즈 추가] 웨이비 커브드 와이드 데님 팬츠 [RAW BLACK],37200,40,34,0,220,0,black,20241128
4481768,론론,BACK HEART STITCH POCKET SWEAT JOGGER PANTS DUSTY PINK,74250,25,10,0,221,0,,20241128
4586396,칙스,플리스 라인 팬츠 차콜메란지,36900,36,0,0,222,0,차콜,20241128
4397434,토피,코지 투턱 밴딩 와이드 팬츠 (CHARCOAL),24500,50,11,0,223,0,charcoal,20241128
4397431,토피,코지 투턱 밴딩 와이드 팬츠 (BLACK),24500,50,11,0,224,0,black,20241128
4350293,챔브로스,우먼즈 세미 와이드 워싱  데님팬츠[라이트블루],36400,30,20,0,225,0,블루,20241128
4316658,이알티알,Essential Relaxed Denim Pants (Black),79200,20,46,0,226,0,black,20241128
4320184,모즈모즈,소프트 쭈리 원턱 와이드 스트링 트레이닝팬츠 버건디,36000,40,0,0,227,0,,20241128
4373593,넌블랭크,울 플란넬 세미 오버 핏 슬랙스_BLACK,72000,20,0,0,228,0,black,20241128
4515922,로트,가이하라 데님 팬츠,72000,0,0,0,229,0,,20241128
4351904,헤드,남여공용 세미오버핏 플리스 스트링 조거팬츠 블랙,71550,55,0,0,230,0,블랙,20241128
4288272,디키즈,더블니 85283 루즈핏 데님팬츠 Black,63750,15,15,0,231,0,black,20241128
4501992,엑스오엑스,[2PACK] 기모 원턱 와이드 스웻 팬츠,35500,53,10,0,232,0,,20241128
4449763,언레이블,24FW 스터디드 파인 코듀로이 팬츠 차콜,71200,20,10,0,233,0,차콜,20241128
4436847,247시리즈,오피서 치노 팬츠 BEIGE,71100,10,16,0,234,0,,20241128
4436852,247시리즈,오피서 치노 팬츠 KHAKI,71100,10,0,0,235,0,,20241128
4501952,본투윈,SILVER LINE JERSEY HALF PANTS SHORT VER [IVORY],71000,10,0,0,236,0,,20241128
4323506,테이크이지,헤링본 카모 카펜터 팬츠 (카키),70850,35,18,0,237,0,,20241128
4502542,이지바이,비교불가 남성 극세사 융털 플리스 밴딩 바지 Z13LP078M,17520,20,10,0,238,0,,20241128
4322695,시즈,[데일리룸 X 시즈] 벌룬 레그 밀 와이드 카고 팬츠 [KHAKI],70300,20,194,0,239,0,,20241128
4322244,반원 아틀리에,P3204 피그먼트 카고 팬츠_Beige,69550,35,0,0,240,0,,20241128
4245311,하이퍼 데님,블랙  8 포켓 카고 팬츠,69000,42,0,0,241,0,블랙,20241128
4581831,셀렙샵에디션,[2pack] 24FW 마스터핏 기모 데님,67915,15,0,0,242,0,,20241128
4353260,인템포무드,버튼 포켓 카고 팬츠_베이지,67900,30,0,0,243,0,,20241128
4423048,챔브로스,카고 포켓 원턱 스웨트 와이드 팬츠 [그레이],33800,28,15,0,244,0,그레이,20241128
4328453,트릴리온,니 캡 멀티 다트 워싱 와이드 데님 팬츠 (DESERT BLUE),33100,31,0,0,245,0,blue,20241128
4470642,인템포무드,에어본 패러슈트 팬츠_크림,67150,15,12,0,246,0,,20241128
4167005,씨큐알,립스탑 워크 카고바지 CQ-TWP320,33440,20,0,0,247,0,,20241128
4459424,몽돌,슬림핏 부츠컷 데님 팬츠 블랙 MDPT064BLACK,66000,24,0,0,248,0,black | 블랙,20241128
4334133,마카사이트,워시드 카펜터 와이드 데님 팬츠 블루,32900,44,41,0,249,0,블루,20241128
4328469,트릴리온,절개 라인 워싱 벌룬핏 데님 팬츠 (YELLOW BLACK),29900,40,12,0,250,0,black,20241128
4227836,디스커스 애슬레틱,코듀로이 카펜터 팬츠 더스티 퍼플,64900,18,0,0,251,0,,20241128
4323231,알리스,[오정규X알리스] 패널드 카펜터 와이드 팬츠 [블랙],57820,41,89,0,252,0,블랙,20241128
4565319,지크립,따듯 기모 캣샌드 워싱 블랙 일자 데님 팬츠,23920,53,24,0,253,0,블랙,20241128
4477706,제너럴아이디어,뉴클래식 미니멀 투턱 슬랙스 [CHARCOAL] / WBD3L11504,63000,20,0,0,254,0,charcoal,20241128
4477707,제너럴아이디어,뉴클래식 미니멀 투턱 슬랙스 [BLACK] / WBD3L11504,63000,20,0,0,255,0,black,20241128
4368606,무신사 스탠다드,피그먼트 데님 와이드 더블 니 카펜터 팬츠 [브라운],62790,15,36,0,256,0,브라운,20241128
4227340,무신사 스탠다드 우먼,우먼즈 딥 턱 베리어블 와이드 라운지 스웨트 팬츠 [크림],30690,30,10,0,257,0,,20241128
4415027,피아네르,맞주름 딥 와이드 스웨트 팬츠 (차콜),29900,49,54,0,258,0,차콜,20241128
4424151,스탠즈,[M~4XL] 워싱 데님 밴딩 팬츠_블랙,59900,40,0,0,259,0,블랙,20241128
4459431,몽돌,윈터ver) 원 턱 와이드 슬랙스 차콜 MDPT025FWCHARCOAL,59400,33,24,0,260,0,charcoal | 차콜,20241128
4336992,기철,WHITE LION NEW BAGGY DENIM PANTS (LIGHT BLUE),59400,40,0,0,261,0,blue | white,20241128
4360670,리트리버클럽,LIL DEVIL DENIM [INDIGO BLACK],43120,56,262,0,262,0,black,20241128
4427511,파르티멘토,[핸드메이드 키체인] 데님 팬츠 딤 블루,58900,25,0,0,263,0,블루,20241128
4543772,오로,[기모Ver] 클래식 코듀로이 팬츠_Espresso,59800,30,74,0,264,0,,20241128
4308184,디미트리블랙,VLAD 원턱 피그먼트 페이드 워싱 스웻 팬츠_올리브,29100,38,19,0,265,0,,20241128
4213708,바벨웍스,버뮤다 팬츠,29000,0,0,0,266,0,,20241128
4406016,카파,[SET] 맨즈 스트레이트 트레이닝팬츠,58000,50,0,0,267,0,,20241128
4614916,더블제이디,전판 레터링 팬츠 (블랙),57600,10,0,0,268,0,블랙,20241128
4210277,무신사 스탠다드 우먼,우먼즈 레플리카 퍼티그 팬츠 [블랙],28490,35,0,0,269,0,블랙,20241128
4536559,언탭트 스튜디오,원턱 와이드 코듀로이 밴딩 팬츠 3Color,29580,30,149,0,270,0,,20241128
4274062,리메인세컨드,와이드 빅포켓 파라슈트 밴딩 카고 팬츠 [블랙],27900,17,17,0,271,0,블랙,20241128
4444251,골스튜디오,ESSENTIAL EMBROIDERY FLEECE JOGGER-CHARCOAL,55300,30,0,0,272,0,charcoal,20241128
4505243,언더아머,여성 라이벌 플리스 조거 1379438-012,55300,30,0,0,273,0,,20241128
4412601,더니트컴퍼니,페이드 워시드 레귤러 데님,54800,30,0,0,274,0,,20241128
4326417,무신사 스탠다드,시티 레저 폴라 플리스 벨티드 팬츠 [블랙],54290,15,49,0,275,0,블랙,20241128
4163679,브렌우드,[브렌우드X포트너스] Two Tuck Wide Slacks,54500,50,19,0,276,0,,20241128
4546822,에이치덱스,스티치 워크 하이텐션 레깅스 (Black),54000,0,0,0,277,0,black,20241128
4430390,필루미네이트,트랙 라인 스트링 스웨트 팬츠-블랙,53990,21,0,0,278,0,블랙,20241128
4319485,칙스,어텀 부츠컷 밴딩 팬츠 Black,26900,48,12,0,279,0,black,20241128
4385183,헤더헬렌,VTG Corduroy cargo PT d/blue,53550,55,0,0,280,0,blue,20241128
4477391,엑스톤즈,XP248 워싱 와이드 벌룬 코듀로이 팬츠 (BLACK),53400,40,18,0,281,0,black,20241128
4513161,지크립,따듯 기모 뒷밴딩 와이드 데님 팬츠,26320,52,12,0,282,0,,20241128
4476184,언노운 플라넷,커스텀 원턱 와이드 코듀로이 팬츠 브라운,52300,30,16,0,283,0,브라운,20241128
4330245,코드그라피,카펜터 트레이닝 팬츠_차콜,39900,32,79,0,284,0,차콜,20241128
4586405,칙스,양기모 스웻 사이드 절개 팬츠 크림,51400,35,0,0,285,0,,20241128
4312720,무신사 스탠다드,시티 레저 벨티드 데님 파라슈트 팬츠 [미디엄 인디고],51090,20,12,0,286,0,,20241128
4500071,트리밍버드,Belted Layered Wrap Pants  [ Black ],208050,5,0,0,287,0,black,20241128
4555810,안다르,에어리핏 기모 와이드 팬츠,39600,43,44,0,288,0,,20241128
4308682,지오다노,414907 여 부츠컷 풀밴딩 팬츠_2color,25000,37,0,0,289,0,,20241128
4513793,바운더리,(기모) 투턱 와이드 롱 스웨트 팬츠 [그레이],49800,50,0,0,290,0,그레이,20241128
4282668,굿라이프웍스,헤비 웨이트 윈터 와이드 슬랙스 블랙,24800,50,15,0,291,0,블랙,20241128
4363598,데이,커브드 플레어 데님 (W)_LIGHT DENIM,49100,26,0,0,292,0,,20241128
4314662,와르,[-6cm 숏버전 추가] M234 뉴 캣 와이드팬츠_진청,48900,59,0,0,293,0,,20241128
4314661,와르,[-6cm 숏버전 추가] M234 뉴 캣 와이드팬츠_중청,48900,59,0,0,294,0,,20241128
4274077,리메인세컨드,원턱 와이드 코듀로이 밴딩 팬츠 [블랙],29800,24,52,0,295,0,블랙,20241128
4605039,발데블랑코,와이드 원턱 트레이닝 기모 스웨트 팬츠 [블랙],23900,54,0,0,296,0,블랙,20241128
4089373,무신사 스탠다드,데님 와이드 더블 니 카펜터 팬츠 [워시드 블랙],47890,25,15,0,297,0,블랙,20241128
4089370,무신사 스탠다드,데님 와이드 더블 니 카펜터 팬츠 [라이트 인디고],47890,25,12,0,298,0,,20241128
4530939,말본 골프,세미 와이드 기모 팬츠 BLACK (MAN),399000,0,0,0,299,0,black,20241128
