productId,brandName,productName,price,discountRate,currentlyViewing,currentlyBuying,ranking,trending,totalSales,colors,date,category
2723767,수아레,데일리 라운드 니트 - 12 COLOR,20250,55,2500,1100,1,0,150000,,2024120220,clothes_top
2149254,무신사 스탠다드,베이식 긴팔 티셔츠 2팩,29990,21,350,204,2,0,340000,,2024120220,clothes_top
4509977,워크온바디오프,반폴라 세미 오버핏 모크넥 니트 [블랙],14850,55,862,215,3,0,16000,블랙,2024120220,clothes_top
2086653,무신사 스탠다드,레이어드 크루 넥 반팔 티셔츠_일반 기장 [화이트],15190,10,196,138,4,0,520000,화이트,2024120220,clothes_top
1582356,소버먼트,980G 피그먼트 맨투맨-챠콜-,44300,54,578,110,5,0,110000,,2024120220,clothes_top
2990516,1989스탠다드,RV_OUR 1989 후드 (STHSTD-0004),24500,67,1100,283,6,0,81000,,2024120220,clothes_top
4326536,디미트리블랙,[기모선택] VLAD 컷오프 아플리케 후드 티셔츠_차콜,28500,43,1100,134,7,0,13000,차콜,2024120220,clothes_top
4349548,제이엘브,심볼 로고 풋볼 저지,22000,78,592,184,8,0,15000,,2024120220,clothes_top
4480309,라퍼지스토어,울 자카드 후드 더플 니트_3COLOR,54000,45,1200,94,9,0,7200,,2024120220,clothes_top
3669072,브론슨,[2PACK] Tompkins® Loopwheeled Tubular Tee,51600,40,318,44,10,0,5300,,2024120220,clothes_top
4285909,언탭트 스튜디오,오버핏 케이블 라운드 니트 5COLOR,24900,50,1200,224,11,0,23000,,2024120220,clothes_top
4421530,디미트리블랙,에센셜 헤어리 라운드 니트_차콜 그레이,22900,58,1000,128,12,0,7800,그레이 | 차콜,2024120220,clothes_top
1817394,트래블,[3-PACK]베이직 트래블러 피그먼트 스웨트셔츠,39900,73,357,72,13,0,69000,,2024120220,clothes_top
3495320,수아레,[SET] 스테디 니트 세트,58900,35,177,0,14,0,24000,,2024120220,clothes_top
3640947,트릴리온,워셔블 아란 케이블 후드 집업 니트 (IVORY),39000,43,401,51,15,0,23000,,2024120220,clothes_top
4302685,소라노,SORANO Basic Logo HOODIE [4Color],44900,62,594,83,16,0,20000,,2024120220,clothes_top
4328686,트릴리온,헤어리 그래픽 로고 오버핏 자카드 니트 (BLUE),27800,47,684,82,17,0,5400,blue,2024120220,clothes_top
1558847,수아레,[리뉴얼] 하프 터틀넥 니트 세트,23920,52,207,80,18,0,150000,,2024120220,clothes_top
994588,필루미네이트,옵티멀 베이직 셔츠-화이트[린넨＆옥스포드 선택],22700,57,286,95,19,0,72000,화이트,2024120220,clothes_top
3791891,필루미네이트,오버핏 포레스트 체크 셔츠-블랙,19900,63,381,91,20,0,49000,블랙,2024120220,clothes_top
3539904,디미트리블랙,에센셜 헤어리 라운드 니트_라이트 그레이,22900,58,354,71,21,0,11000,그레이,2024120220,clothes_top
2684357,노매뉴얼,CROPPED HAIRY KNIT - MELANGE,54500,50,440,41,22,0,9300,,2024120220,clothes_top
3640949,트릴리온,워셔블 아란 케이블 후드 집업 니트 (CHARCOAL),38300,44,281,42,23,0,19000,charcoal,2024120220,clothes_top
2314616,토피,에센셜 후드 스웻 셔츠 (MELANGE GREY),32650,24,131,38,24,0,93000,grey,2024120220,clothes_top
3546288,이코르,클로버  자수 스웨트셔츠_네이비,33800,62,457,39,25,0,4900,네이비,2024120220,clothes_top
2139775,미니멀코드,소프트 필링 세미오버 라운드 니트 초코브라운,29500,50,338,53,26,0,31000,브라운,2024120220,clothes_top
2122566,무신사 스탠다드,레이어드 크루 넥 반팔 티셔츠_일반 기장 2팩,20190,40,96,68,27,0,130000,,2024120220,clothes_top
2990274,1989스탠다드,SMALL CENTER 맨투맨 (STMSTD-0015),23400,61,370,93,28,0,42000,,2024120220,clothes_top
1208839,그루브라임,"[2PACK] 유니)C/P기모쭈리 - LOCATION 맨투맨(세미오버핏)(15COLOR)[LRAWCTM704M/712M, 304M, GMT501H43]",27100,77,235,45,29,0,110000,,2024120220,clothes_top
3533480,에즈카톤,스페이스 헤비코튼 후드 버건디 KMHD6723,43800,30,195,0,30,0,36000,,2024120220,clothes_top
2990463,1989스탠다드,SMALL CENTER 후드 (STHSTD-0015),24700,67,311,81,31,0,19000,,2024120220,clothes_top
947067,무신사 스탠다드,스웨트셔츠 [블랙],29900,0,62,0,32,0,140000,블랙,2024120220,clothes_top
2722805,브라운브레스,TAG OG HOODIE - BURGUNDY,80100,10,126,0,33,0,27000,,2024120220,clothes_top
3012570,트래블,워크샵 디비전 피그먼트 후드티 블랙 차콜,29900,62,424,68,34,0,26000,블랙 | 차콜,2024120220,clothes_top
4324518,칙스,하트 칙스 오버핏 라운드 니트,26981,45,609,83,35,0,3700,,2024120220,clothes_top
4288950,디미트리블랙,[기모선택] ASI 포시즌 에센셜 피그먼트 후드 티셔츠_차콜,27900,37,83,42,36,0,6700,차콜,2024120220,clothes_top
3066189,엘엠씨,AEROCOOL LONG SLV TEE 2PACK,25900,62,481,125,37,0,10000,,2024120220,clothes_top
3475395,웬즈데이오아시스,[기모버전추가]시그니처 오버핏 맨투맨(4col),21930,57,525,136,38,0,28000,,2024120220,clothes_top
404474,브렌슨,(Renew Ver.) 베이직 긴팔티셔츠 4종 ( 5Color ),14900,40,279,116,39,0,260000,,2024120220,clothes_top
4328682,트릴리온,헤어리 그래픽 로고 오버핏 자카드 니트 (GREEN),35700,31,240,0,40,0,3300,green,2024120220,clothes_top
2684358,노매뉴얼,CROPPED HAIRY KNIT - GRASS GREEN,54500,50,224,0,41,0,19000,green,2024120220,clothes_top
2226767,드로우핏,오버사이즈 집업 카라 터틀넥 니트 [5color],43000,43,49,0,42,0,37000,,2024120220,clothes_top
3050501,제이엘브,[2pack] 루즈핏 롱슬리브,34000,73,151,52,43,0,16000,,2024120220,clothes_top
2058188,브라운브레스,TAG OG HOODIE - BLACK,80100,10,100,0,44,0,52000,black,2024120220,clothes_top
2338457,비터셀즈,하트 벌룬 스웻 셔츠-3 Colors,29680,47,250,43,45,0,19000,,2024120220,clothes_top
4584154,노드유,소프트 헨리넥 라운드 긴팔 니트 [베이지],24900,51,406,85,46,0,2900,,2024120220,clothes_top
1615829,제멋,로그 오버핏 기모 후드 그레이 YHHD2302,37800,24,114,0,47,0,100000,그레이,2024120220,clothes_top
2692476,캘빈클라인 진,남녀공용 릴렉스핏 모노그램 로고 후디 J327360 BEH,59900,50,45,0,48,0,5800,,2024120220,clothes_top
2194649,굿라이프웍스,카라 케이블 니트 집업 블랙,39800,47,211,0,49,0,42000,블랙,2024120220,clothes_top
4388024,더니트컴퍼니,[패션플래닛X더니트컴퍼니] 워셔블 코튼 크루넥 니트 12color,39900,30,192,33,50,0,19000,,2024120220,clothes_top
3223007,브렌슨,( 2PACK ) 퓨어코튼 레이어드 체인 반팔티,18900,62,177,63,51,0,29000,,2024120220,clothes_top
854337,무신사 스탠다드,릴렉스 핏 옥스포드 셔츠 [화이트],27090,20,58,0,52,0,88000,화이트,2024120220,clothes_top
4394773,브라운브레스,TAG HOODIE - ASH,80100,10,48,0,53,0,3500,,2024120220,clothes_top
3417709,무신사 스탠다드 우먼,우먼즈 슬림 크루 넥 긴소매 티셔츠 [화이트],16790,11,151,37,54,0,17000,화이트,2024120220,clothes_top
2109937,엠오오,피치스킨 벌룬오버 후드 - 블랙,33300,51,47,0,55,0,22000,블랙,2024120220,clothes_top
4265248,어나더 아카이브,그래피티 로고 후드티_네이비,28800,42,306,0,56,0,4900,네이비,2024120220,clothes_top
2043056,코드그라피,[SET] [후드티 OR 맨투맨 선택] CGP 아치 로고 셋업_네이비,50425,57,134,0,57,0,38000,네이비,2024120220,clothes_top
2757451,니티드,[니티드X깡스타일리스트] 코튼 미니멀 라운드 니트 (2color),39800,60,224,31,58,0,32000,,2024120220,clothes_top
2970542,슬로우애시드,피치스킨 러스티 로고 스웨트셔츠 [웜그레이],35900,55,285,41,59,0,19000,그레이,2024120220,clothes_top
4467040,아미,레드 하트 로고 후드 - 블랙 / BFUSW235730001,256990,54,39,0,60,0,0,블랙,2024120220,clothes_top
4299296,언탭트 스튜디오,시티보이 오버핏 럭비 카라 맨투맨 스웻 티셔츠 4COLOR,34285,30,218,0,61,0,7000,,2024120220,clothes_top
2970541,슬로우애시드,피치스킨 러스티 로고 스웨트셔츠 [블랙],39000,51,48,38,62,0,21000,블랙,2024120220,clothes_top
3463298,예일,투톤아치 후드_그레이,31600,60,123,0,63,0,16000,그레이,2024120220,clothes_top
4341053,아미,레드 하트 로고 맨투맨 - 블랙 / BFUSW001730001,209990,52,68,0,64,0,0,블랙,2024120220,clothes_top
4440029,아메스 월드와이드,BIG TYPO HOODIE GREY,51790,30,148,0,65,0,3500,grey,2024120220,clothes_top
4480313,라퍼지스토어,울 자카드 후드 더플 니트_Midnight Blue,68000,31,261,0,66,0,1900,blue,2024120220,clothes_top
3539902,디미트리블랙,에센셜 헤어리 라운드 니트_핑크,22900,58,112,58,67,0,6900,,2024120220,clothes_top
2995119,트릴리온,컬러 배색 1992 그래픽 후드 (NAVY),27350,45,135,33,68,0,50000,navy,2024120220,clothes_top
4314115,지프,M-Logo 반집업 맨투맨 (JP5TSU839) 10colors,20700,70,350,31,69,0,9900,,2024120220,clothes_top
4481198,몽돌,[SET] 세미 크롭 니트 - 라운드/터틀넥,39900,66,196,37,70,0,1700,,2024120220,clothes_top
1336836,브렌슨,(Renew Ver.) 루즈핏 스웨트 셔츠 ( 9Color ) ( 기모선택 ),18900,42,163,48,71,0,56000,,2024120220,clothes_top
1139175,엘무드,화란 세미오버 니트 블랙,71900,20,23,0,72,0,78000,블랙,2024120220,clothes_top
2683549,세터,파로 오버 사이즈 부클 가디건 클래식 블랙,119200,20,53,0,73,0,13000,블랙,2024120220,clothes_top
4375639,꼼파뇨,happy day 피그먼트 스웨트셔츠 스모크블랙,39600,45,59,0,74,0,4200,블랙,2024120220,clothes_top
4387116,르아르,리브드 오버핏 헨리넥 니트 [블랙],45900,41,235,0,75,0,1800,블랙,2024120220,clothes_top
3465171,키뮤어,소프트 텍스쳐 세미 오버핏 데일리 니트_8 COLOR,19900,66,454,147,76,0,27000,,2024120220,clothes_top
4328687,트릴리온,헤어리 그래픽 로고 오버핏 자카드 니트 (CHARCOAL),35700,31,225,0,77,0,2400,charcoal,2024120220,clothes_top
4422975,수아레,워셔블 모크넥 슬리브 니트 블랙,20280,48,273,42,78,0,3400,블랙,2024120220,clothes_top
2105452,소버먼트,980G 피그먼트 컷 후드-차콜-,68300,40,63,0,79,0,26000,차콜,2024120220,clothes_top
876284,필루미네이트,[블랙]SET B-스테디 하프 폴라넥,29590,43,87,0,80,0,62000,블랙,2024120220,clothes_top
1642904,무신사 스탠다드,헤비웨이트 오버사이즈 후디드 스웨트셔츠 [미디엄 그레이],42390,15,29,0,81,0,32000,그레이,2024120220,clothes_top
1628939,무신사 스탠다드,미니멀 크루 넥 니트 [블랙],55890,20,43,0,82,0,30000,블랙,2024120220,clothes_top
4514674,트릴리온,워셔블 노르딕 자카드 카라넥 2WAY 집업 니트 [베이지],29900,45,577,53,83,0,1800,,2024120220,clothes_top
3539905,디미트리블랙,에센셜 헤어리 라운드 니트_라이트 그린,22900,58,243,42,84,0,8200,그린,2024120220,clothes_top
3451265,노매뉴얼,CROPPED HAIRY KNIT - MARINA,54500,50,115,0,85,0,4800,,2024120220,clothes_top
4619622,디스이즈네버댓,T-Logo Hoodie,66500,30,178,30,86,0,1900,,2024120220,clothes_top
1548435,쿠어,탑필 울 라운드 니트 (블랙),72900,10,50,0,87,0,22000,블랙,2024120220,clothes_top
4305227,나인제트,헤비코튼 크루넥 머슬 니트 (블랙) 24NTL01,49990,40,228,0,88,0,1700,블랙,2024120220,clothes_top
4397049,메종미네드,[4COLOR] DOODLE HEART HOODIE,55390,30,84,0,89,0,2400,,2024120220,clothes_top
659554,이에스엔,[세트]  하프 폴라 니트 티셔츠,32700,58,61,0,90,0,260000,,2024120220,clothes_top
1629142,무신사 스탠다드,미니멀 모크 넥 니트 [블랙],59390,15,21,0,91,0,13000,블랙,2024120220,clothes_top
2034137,무신사 스탠다드,릴렉스 핏 크루 넥 반팔 티셔츠 2팩,23790,25,20,44,92,0,240000,,2024120220,clothes_top
2705733,무신사 스탠다드,레이어드 크루 넥 긴팔 티셔츠_일반 기장 [화이트],15890,20,25,30,93,0,30000,화이트,2024120220,clothes_top
1685307,마인드브릿지,[3팩]고밀도순면기본반팔티셔츠  MATS0101,19900,0,53,30,94,0,96000,,2024120220,clothes_top
3481826,무신사 스탠다드,리브드 니트 후디드 집업 [미디엄 그레이],49990,37,59,0,95,0,6300,그레이,2024120220,clothes_top
3286918,마리떼,3PACK SMALL REGULAR LOGO TEE mix,29400,40,184,0,96,0,15000,,2024120220,clothes_top
2990438,1989스탠다드,1989 자수 후드 (STHSTD-0025),34900,58,28,0,97,0,19000,,2024120220,clothes_top
3452344,세터,세터 아플리케 리벳 후드 클래식 네이비,111750,25,48,0,98,0,2200,네이비,2024120220,clothes_top
2184395,굿라이프웍스,마일드 보카시 크루넥 스웨터 오버핏 니트 블루,29800,45,393,0,99,0,11000,블루,2024120220,clothes_top
3735510,유니온블루,CASHMERE WOOL CREWNECK KNIT [MELANGE GREY],103500,25,79,0,100,0,1600,grey,2024120220,clothes_top
4454673,비터셀즈,[기모] 레드애플 스웻셔츠-오트밀,28910,51,233,0,101,0,1600,,2024120220,clothes_top
4328688,트릴리온,헤어리 그래픽 로고 오버핏 자카드 니트 (BLACK),32880,37,226,0,102,0,2000,black,2024120220,clothes_top
4285379,더콜디스트모먼트,TCM rag hoodie (black),71200,20,203,30,103,0,1600,black,2024120220,clothes_top
4279994,노매뉴얼,A.G HOODIE - BROWN,45080,51,20,0,104,0,1600,brown,2024120220,clothes_top
3442674,슈퍼서브,THUNDER  브러쉬드 니트 - 네이비,48900,34,49,0,105,0,6000,네이비,2024120220,clothes_top
4071966,오피쉬,"레터링 후디, 블랙",52250,45,260,0,106,0,3300,블랙,2024120220,clothes_top
3539903,디미트리블랙,에센셜 헤어리 라운드 니트_스카이블루,32800,40,182,0,107,0,4900,블루,2024120220,clothes_top
2302738,브라운브레스,TAG OG HOODIE - NAVY,80100,10,52,0,108,0,14000,navy,2024120220,clothes_top
4405632,리,부클 빅 트위치 로고 니트 라이트 그레이,81750,25,77,0,109,0,0,그레이,2024120220,clothes_top
2734776,에스피오나지,Heavyweight Waffle Knit Sweater Olive,74250,25,106,0,110,0,3200,,2024120220,clothes_top
2722795,브라운브레스,TAG HOODIE - MELANGE GREY,80100,10,57,0,111,0,6700,grey,2024120220,clothes_top
4329700,에이치덱스,자이언트핏 럭비 저지 롱 슬리브,53400,40,156,0,112,0,2100,,2024120220,clothes_top
1642903,무신사 스탠다드,헤비웨이트 오버사이즈 후디드 스웨트셔츠 [블랙],42390,15,16,0,113,0,23000,블랙,2024120220,clothes_top
655833,커스텀어클락,[코튼100]소프트 베이직 터틀넥 니트 9 COLOR COOSKT006,29500,50,73,0,114,0,34000,,2024120220,clothes_top
3019653,엘무드,화란 세미오버 니트 ( 20COLOR ),44900,50,357,0,115,0,5400,,2024120220,clothes_top
1620237,폴로 랄프 로렌,케이블니트 코튼 스웨터 - 블루,259000,0,63,0,116,0,3700,블루,2024120220,clothes_top
4450944,디미트리블랙,2WAY 에센셜 헤비웨이트 노르딕 가디건_차콜 그레이,49800,29,100,0,117,0,1200,그레이 | 차콜,2024120220,clothes_top
2726744,인템포무드,하찌 엘보 볼륨 풀오버_와인,58800,30,73,0,118,0,6000,,2024120220,clothes_top
2759813,세인트페인,SP 팀 로고 후드-멜란지 그레이,59500,30,82,0,119,0,11000,그레이,2024120220,clothes_top
2725585,슬로우애시드,블러리 로고 스웨트셔츠 [블랙],39000,51,117,0,120,0,18000,블랙,2024120220,clothes_top
4280128,노매뉴얼,COWICHAN HOODED ZIP-UP - NAVY,89400,40,85,0,121,0,1200,navy,2024120220,clothes_top
2970544,슬로우애시드,피치스킨 러스티 로고 스웨트셔츠 [딥블루],39000,51,122,0,122,0,17000,블루,2024120220,clothes_top
2814469,마인드브릿지,하프집업니트 - 6color MXKT7126,19900,78,404,33,123,0,9700,,2024120220,clothes_top
3675284,라이크더모스트,소프트 LTMT 오버 후디 (블루),25714,57,136,0,124,0,16000,블루,2024120220,clothes_top
4425280,테이크이지,페어아일 니트 (브라운),39900,42,249,0,125,0,1200,브라운,2024120220,clothes_top
4467468,언탭트 스튜디오,[2PACK]소프트 하프 폴라 모크넥 니트 티셔츠 3Color,32800,30,78,0,126,0,2300,,2024120220,clothes_top
2778674,무신사 스탠다드,메리노 울 블렌드 하이게이지 터틀 넥 니트 [블랙],29990,36,59,0,127,0,14000,블랙,2024120220,clothes_top
3494992,수아레,워셔블 케이블 라운드 니트 - 5 COLOR,28720,36,369,66,128,0,22000,,2024120220,clothes_top
2139704,미니멀코드,소프트 필링 세미오버 라운드 니트 블랙,29500,50,26,0,129,0,7600,블랙,2024120220,clothes_top
4440027,아메스 월드와이드,BIG TYPO HOODIE BLACK,51790,30,107,0,130,0,1900,black,2024120220,clothes_top
4496913,브라운브레스,KITTY TAG HOODIE - OATMEAL,98100,10,37,0,131,0,0,,2024120220,clothes_top
4348548,네스티킥,Int Prty Hoodie (White)_K24ZB765,49900,41,65,0,132,0,1500,white,2024120220,clothes_top
2096583,코드그라피,[SET] [후드티 OR 맨투맨 선택] CGP 아치 로고 셋업_다크그레이,50425,57,120,0,133,0,11000,그레이,2024120220,clothes_top
4531158,얼킨 캔버스,베티붑 오버핏 브이넥 니트_레드,41300,30,76,0,134,0,1100,,2024120220,clothes_top
4351643,미세키서울,Side button knit GREY,138000,0,213,0,135,0,0,grey,2024120220,clothes_top
3539176,트릴리온,워셔블 투 톤 크루넥 그래픽 니트 (BLACK),19990,62,210,38,136,0,17000,black,2024120220,clothes_top
4483619,더콜디스트모먼트,TCM starfish mini logo mohair knit (beige),91200,20,198,0,137,0,0,,2024120220,clothes_top
876277,필루미네이트,[블랙]B-스테디 하프 폴라넥-블랙,26000,0,45,0,138,0,43000,블랙,2024120220,clothes_top
4227437,스탠다드에러,87-STAN081 원포켓 빈티지 오버핏 긴팔 체크 셔츠 네이비,19800,63,97,0,139,0,7800,네이비,2024120220,clothes_top
4612418,파르티멘토,브러쉬드 모헤어 페어아일 니트 브라운,35500,43,463,40,140,0,1200,브라운,2024120220,clothes_top
2705740,무신사 스탠다드,오버사이즈 스웨트셔츠 [블랙],28390,25,31,0,141,0,14000,블랙,2024120220,clothes_top
4378833,아미,레드 하트 로고 후드 - 헤더 그레이 / BFUSW200730055,236990,57,55,0,142,0,0,그레이,2024120220,clothes_top
3833439,쿠어,캐시팝 트위드 크루넥 니트 (블랙),66000,40,84,0,143,0,1200,블랙,2024120220,clothes_top
4421529,디미트리블랙,에센셜 헤어리 라운드 니트_오트밀,37800,31,201,0,144,0,1500,,2024120220,clothes_top
2697813,프렌다,PRDA DENIM PATCH CREWNECK SHIRT,27600,60,240,0,145,0,19000,,2024120220,clothes_top
4567880,론론,CAT JACQUARD HOOD ZIP UP KNIT NAVY,116200,30,236,0,146,0,0,navy,2024120220,clothes_top
4249938,아미,빅하트 로고 니트 - 차콜 / UKS002018067,285990,62,59,0,147,0,0,차콜,2024120220,clothes_top
843276,이에스엔,퍼펙트 터틀넥 니트 티셔츠 블랙,21400,45,76,0,148,0,36000,블랙,2024120220,clothes_top
4424524,낫온리포투데이,넘버볼 후드티 [멜란지 그레이],39000,51,135,0,149,0,1100,그레이,2024120220,clothes_top
4446128,네스티킥,Banana Boy Hoodie (Brown)_K24ZB767,49900,41,27,0,150,0,1300,brown,2024120220,clothes_top
3777727,유니온블루,CASHMERE WOOL CREWNECK KNIT [LIGHT GREY],103500,25,73,0,151,0,0,grey,2024120220,clothes_top
3442679,슈퍼서브,THUNDER  브러쉬드 니트 - 핑크,48900,34,114,0,152,0,8500,,2024120220,clothes_top
4279928,노매뉴얼,O.D CHECK SHIRT - BLACK,69020,42,55,0,153,0,2800,black,2024120220,clothes_top
2419002,에스피오나지,Miller Knit Sweater Burnt Orange,66750,25,67,0,154,0,4300,,2024120220,clothes_top
3727680,슈퍼서브,[SET] THUNDER 브러쉬드 니트 2PACK,79900,46,17,0,155,0,3200,,2024120220,clothes_top
4319449,마리떼,BOUCLE CLASSIC LOGO SWEATER dark pink,135150,15,199,0,156,0,0,,2024120220,clothes_top
2723764,수아레,하찌 카라 투웨이 집업 니트 - 6 COLOR,30500,51,329,70,157,0,58000,,2024120220,clothes_top
4361219,소버먼트,980G 피그먼트 맨투맨-워시드 블랙-,57200,40,73,0,158,0,1300,블랙,2024120220,clothes_top
2091652,폴로 랄프 로렌,케이블니트 코튼 스웨터 - 그레이,259000,0,39,0,159,0,2200,그레이,2024120220,clothes_top
1875849,무신사 스탠다드,링클프리 드레스 셔츠 [화이트],31290,15,25,0,160,0,23000,화이트,2024120220,clothes_top
996177,무신사 스탠다드,릴렉스 핏 크루 넥 반팔 티셔츠 [화이트],14290,10,31,0,161,0,540000,화이트,2024120220,clothes_top
4265253,테켓,Plan Half Zip-Up Sweatshirt Black,75200,20,41,0,162,0,1100,black,2024120220,clothes_top
2785403,엑스톤즈,XTK036 알렌 스트라이프 모헤어 니트 (BLACK/GRAY),44850,35,64,0,163,0,4300,black,2024120220,clothes_top
4329587,밀리언코르,[5574] 헤어리 브이넥 니트 (아이보리),32000,41,128,0,164,0,2100,,2024120220,clothes_top
1710327,블론드나인,크루넥 리브 니트 스웨터_블랙,23200,65,65,0,165,0,80000,블랙,2024120220,clothes_top
4319472,모즈모즈,헤비 웨이트 피그먼트 나그랑 뒷절개 오버핏 맨투맨 챠콜,39900,48,120,0,166,0,1400,,2024120220,clothes_top
3539169,트릴리온,워셔블 투 톤 크루넥 그래픽 니트 (KHAKI),19990,62,198,30,167,0,7500,,2024120220,clothes_top
3417707,무신사 스탠다드 우먼,우먼즈 슬림 크루 넥 긴소매 티셔츠 [블랙],15990,15,55,0,168,0,10000,블랙,2024120220,clothes_top
3650001,파르티멘토 우먼,릴리 부클 니트 스웨터_차콜,62930,30,25,0,169,0,3700,차콜,2024120220,clothes_top
4421709,맨인스토어 프로덕트,피그먼트 헤비 스웨트 후디_Charcoal,59900,14,29,0,170,0,0,charcoal,2024120220,clothes_top
3458174,탑텐,공용) 코튼 베이직 반팔티 3PACK_MSE5TS3001,9900,50,127,60,171,0,14000,,2024120220,clothes_top
3856743,언탭트 스튜디오,시티보이 빅 오버핏 빅사이즈 옥스포드 셔츠 4 COLOR,18360,60,147,37,172,0,41000,,2024120220,clothes_top
3302463,에이치덱스,심볼 에어 머슬핏 숏 슬리브,21600,40,98,0,173,0,12000,,2024120220,clothes_top
3656142,마인드브릿지,[COMFY]케이블세미오버핏니트 - 7color MYKT71A3,39900,63,181,38,174,0,2500,,2024120220,clothes_top
1599217,테이크이지,램스울 크루넥 오버 니트 (연차콜),35100,35,66,0,175,0,65000,차콜,2024120220,clothes_top
4316117,세컨모놀로그,[3color] 코만도 워시드 피그먼트 스웻셔츠_SETS041,29300,67,207,0,176,0,1300,,2024120220,clothes_top
1248490,브론슨,Vintage Long Sleeve Henley Shirt White,48420,15,28,0,177,0,5200,white,2024120220,clothes_top
1642887,무신사 스탠다드,헤비웨이트 오버사이즈 스웨트셔츠 [블랙],23890,40,13,0,178,0,38000,블랙,2024120220,clothes_top
4306299,브론슨,Blue Chambray Work Shirt KR Ver.,62870,15,49,0,179,0,3300,blue,2024120220,clothes_top
4439440,벤힛,Focus 피그먼트 후드티,38900,42,148,0,180,0,2200,,2024120220,clothes_top
2771471,데꼬로소,프롬 캐시미어 하프넥 니트 [블랙],48500,25,19,0,181,0,3500,블랙,2024120220,clothes_top
4390385,쿠어,울 크롭 크루넥 스웨터 (그레이),99000,10,48,0,182,0,0,그레이,2024120220,clothes_top
4311874,아메스 월드와이드,BIG TYPO HOODIE KHAKI,51790,30,40,0,183,0,2000,,2024120220,clothes_top
2043588,노매뉴얼,DOODLE LOGO HOODIE - BLACK,49590,43,110,0,184,0,23000,black,2024120220,clothes_top
4265231,어나더 아카이브,그래피티 로고 후드티_블랙,28800,42,41,0,185,0,1900,블랙,2024120220,clothes_top
4265255,테켓,Plan Half Zip-Up Sweatshirt Navy,75200,20,88,0,186,0,0,navy,2024120220,clothes_top
4320380,모즈모즈,[SET] 카오스 코듀로이 오버핏 맨투맨 셋업 네이비,55800,40,22,0,187,0,1000,네이비,2024120220,clothes_top
3667321,무센트,원형 백 로고 후드티 (3컬러),44700,61,113,0,188,0,3400,,2024120220,clothes_top
4512312,세터,리벳 아플리케 포켓 로고 후드 10color,83400,40,271,0,189,0,1100,,2024120220,clothes_top
2305840,토마스모어,TE5-SH08 프렌치 스트라이프 셔츠-네이비,59700,0,38,0,190,0,22000,네이비,2024120220,clothes_top
4597373,바우로 프로덕트,소프트 이중직 반폴라 니트 [블랙],39400,21,130,0,191,0,0,블랙,2024120220,clothes_top
3562068,유니온블루,KENSINGTON SHIRT,77900,5,25,0,192,0,9000,,2024120220,clothes_top
2374788,소버먼트,950G 솔리드 후드-8% 멜란지 그레이-,62300,40,26,0,193,0,9200,그레이,2024120220,clothes_top
4421630,맨인스토어 프로덕트,피그먼트 헤비 스웨트 맨투맨_6Color,49900,11,62,0,194,0,2100,,2024120220,clothes_top
2081571,브론슨,Vintage Long Sleeve Henley Shirt Black,48420,15,61,0,195,0,4100,black,2024120220,clothes_top
2913659,필루미네이트,오버핏 그래피티 로고 후디-블랙,39590,38,47,0,196,0,18000,블랙,2024120220,clothes_top
3158061,에이치덱스,[2pack] 메인 스몰 로고 에어 머슬핏 숏 슬리브,57600,20,34,0,197,0,27000,,2024120220,clothes_top
2837412,플레이스 스튜디오,소프트 울 오버핏 풀오버 라운드 니트 7컬러,29200,40,1600,66,198,0,11000,,2024120220,clothes_top
4265193,어나더 아카이브,그래피티 로고 후드티_그레이,28800,42,74,0,199,0,2100,그레이,2024120220,clothes_top
2396645,수아레,워셔블 하찌 니트 - 12 COLOR,22222,62,432,76,200,0,150000,,2024120220,clothes_top
4312423,라티젠,L13 RUGBY BOLD KNIT(BROWN),99450,15,69,0,201,0,0,brown,2024120220,clothes_top
4427040,제로플래닛,노라 투웨이 버튼 가디건 [FOREST],28800,40,156,0,202,0,1900,,2024120220,clothes_top
2913656,필루미네이트,오버핏 그래피티 로고 후디-멜란지그레이,43500,32,55,0,203,0,33000,그레이,2024120220,clothes_top
4384143,마뗑킴,COLOR LINE POINT LOGO KNIT PULLOVER IN GREY,118400,20,142,0,204,0,0,grey,2024120220,clothes_top
2718818,세터,더블린 언발란스 캐시미어 블렌드 니트 클래식 차콜,135200,20,43,0,205,0,7100,차콜,2024120220,clothes_top
2111422,애습,[추가 구매 할인] 반폴라 모크넥 티셔츠,19800,40,19,0,206,0,5900,,2024120220,clothes_top
4265243,어나더 아카이브,그래피티 로고 후드티_차콜,28800,42,88,0,207,0,1800,차콜,2024120220,clothes_top
2723763,수아레,[리뉴얼] 케이블 라운드 니트 - 9 COLOR,29900,34,74,37,208,0,32000,,2024120220,clothes_top
4342389,고스트리퍼블릭,심볼 로고 트랙 폴로 맨투맨 GMT-156,24900,46,282,57,209,0,5400,,2024120220,clothes_top
3533479,에즈카톤,스페이스 헤비코튼 후드 딥그레이 KMHD6723,43800,30,20,0,210,0,13000,그레이,2024120220,clothes_top
4186471,후크,빈티지 워싱 브라운  체크셔츠,29900,66,33,0,211,0,3800,브라운,2024120220,clothes_top
2702396,키뮤어,[하찌 or  케이블 선택] 워셔블 하프집업 니트_12 COLOR,24900,64,104,78,212,0,74000,,2024120220,clothes_top
1574264,테이크이지,시티 스트라이프 오버 셔츠(시티블랙),26800,60,72,0,213,0,8000,블랙,2024120220,clothes_top
1144989,무신사 스탠다드,베이식 긴팔 티셔츠 [화이트],16990,10,16,0,214,0,330000,화이트,2024120220,clothes_top
3451036,인템포무드,스탠다드 래글런 케이블 니트 : 13컬러,28500,50,294,59,215,0,7500,,2024120220,clothes_top
1706633,폴로 랄프 로렌,커스텀핏 옥스포드 셔츠 - 화이트,199000,0,25,0,216,0,13000,화이트,2024120220,clothes_top
4280139,노매뉴얼,SPRAY DYEING KNIT - BLACK,83300,30,42,0,217,0,0,black,2024120220,clothes_top
983339,무신사 스탠다드,베이식 드레스 셔츠 [화이트],28790,15,37,0,218,0,74000,화이트,2024120220,clothes_top
2106705,티떠블유엔,슬레이크 후드 올리브 HHHD3397,42900,25,39,0,219,0,45000,,2024120220,clothes_top
2139133,드로우핏,[드로우핏X깡스타일리스트] 모크넥 니트 티셔츠 SET,43300,28,38,0,220,0,84000,,2024120220,clothes_top
3533482,에즈카톤,스페이스 헤비코튼 후드 카키 KMHD6723,43800,30,54,0,221,0,9700,,2024120220,clothes_top
4376346,오로,노르딕 스노우 플라워 후드니트_Butter,93900,36,298,0,222,0,0,,2024120220,clothes_top
4307540,마리떼,W CLASSIC LOGO CROP SWEATSHIRT light heather gray,80100,10,139,0,223,0,1100,,2024120220,clothes_top
4505375,캑터스도넛마켓,CDM Basic Logo Sweater - Black,35550,55,23,0,224,0,0,black,2024120220,clothes_top
3498319,어게인스트 올 오즈,크루넥 리브 오버핏 하찌 니트 - 8 COLOR [ONE OR TWO],16800,63,312,65,225,0,25000,,2024120220,clothes_top
3735509,유니온블루,CASHMERE WOOL CREWNECK KNIT [MELANGE NAVY],103500,25,22,0,226,0,1200,navy,2024120220,clothes_top
3773867,커버낫,[2PACK] 쿨 코튼 티셔츠 블랙+화이트,28900,41,46,0,227,0,45000,블랙 | 화이트,2024120220,clothes_top
3781655,커스텀어클락,[2PACK]라운드 피셔맨 세미 크롭 니트 11COLOR COOSKT050,49900,62,13,0,228,0,2000,,2024120220,clothes_top
4445975,건지 울른스,나그랑 크루넥 코튼 스웨터 컬렉션,103500,25,162,0,229,0,1300,,2024120220,clothes_top
2870838,세터,리벳 아플리케 포켓 로고 후드 오가닉블랙,111200,20,31,0,230,0,6600,블랙,2024120220,clothes_top
3435628,무신사 스탠다드,코튼 리브드 크루 넥 니트 [미디엄 그레이],25890,48,70,0,231,0,6000,그레이,2024120220,clothes_top
4346438,레더리,레글런 트랙 니트 집업 [BLACK],59200,20,32,0,232,0,1700,black,2024120220,clothes_top
4330937,1989스탠다드,1989 배색 후드(STHSTD-0099),34900,55,64,0,233,0,1100,,2024120220,clothes_top
2104878,테일러 스튜디오,엔비엘 로고 후드 (버건디),37900,68,79,0,234,0,9800,,2024120220,clothes_top
4378832,아미,레드 하트 로고 맨투맨 - 헤더 그레이 / BFUSW001730055,203990,65,33,0,235,0,0,그레이,2024120220,clothes_top
2186292,프린트스타,[2PACK] 베이식 무지 레이어드 반팔 티셔츠 일반 기장,17690,70,30,0,236,0,130000,,2024120220,clothes_top
3444706,브라운브레스,TAG CREWNECK - BLACK,62100,10,45,0,237,0,1700,black,2024120220,clothes_top
4468339,그루브라임,[2PACK] GRVE SWEATSHIRT (3COLOR) [LRSSCTM705M],29000,82,136,42,238,0,1000,,2024120220,clothes_top
4309109,비전스트릿웨어,VSW Hairy Wave Stripe Knit Black,70850,35,72,0,239,0,0,black,2024120220,clothes_top
3540248,디스이즈네버댓,(FW23) T-Logo Hoodie Heather Grey,76000,20,47,0,240,0,14000,grey,2024120220,clothes_top
4521033,더블유엠씨,[WMC x HINA] 락스타 후드_CHARCOAL GREY,71200,20,10,0,241,0,0,grey | charcoal,2024120220,clothes_top
4343184,니티드,[니티드X깡스타일리스트] 코튼 미니멀 라운드 니트 BROWN,49800,50,35,0,242,0,0,brown,2024120220,clothes_top
3530581,비전스트릿웨어,VSW Hairy Wave Stripe Knit Navy,70850,35,27,0,243,0,2400,navy,2024120220,clothes_top
4330179,코드그라피,CGP 스몰 스퀘어 로고 스트라이프 럭비 맨투맨_버건디,49110,38,65,0,244,0,1300,,2024120220,clothes_top
4389518,쿠어,헤어리 알파카 블렌드 크루넥 스웨터 (멜란지그레이),133200,10,29,0,245,0,0,그레이,2024120220,clothes_top
728000,무신사 스탠다드,베이식 옥스포드 셔츠 [화이트],27090,20,29,0,246,0,76000,화이트,2024120220,clothes_top
4390380,쿠어,울 크롭 크루넥 스웨터 (블랙),99000,10,21,0,247,0,0,블랙,2024120220,clothes_top
4424539,낫온리포투데이,NOFT 패치워크 맨투맨 [네이비],39000,51,66,0,248,0,0,네이비,2024120220,clothes_top
4451137,마리떼,CLASSIC LOGO EMBROIDERY HOODIE BRUSHED oatmeal,92650,15,49,0,249,0,0,,2024120220,clothes_top
4307041,밈더워드로브,헬로 월드 LOVE 후드티_블랙,42500,50,20,0,250,0,1300,블랙,2024120220,clothes_top
4325156,후브스,하이어 브이넥 니트 [멜란지브라운],37950,45,68,0,251,0,0,브라운,2024120220,clothes_top
4291462,아미,레드 하트 로고 반소매 티셔츠 - 화이트 / BFUTS001724100,104990,59,14,0,252,0,0,화이트,2024120220,clothes_top
2314617,토피,에센셜 후드 스웻 셔츠 (BLACK),32650,24,15,0,253,0,24000,black,2024120220,clothes_top
4526960,시티브리즈,시티 플러피 그래픽 후디_MELANGE WHITE,56430,43,15,0,254,0,0,white,2024120220,clothes_top
3603134,어널러코드,스트라이프 멀티 니트 (네이비),56000,30,42,0,255,0,2600,네이비,2024120220,clothes_top
2690691,허그본,무지 머슬핏 반팔 13컬러,20000,20,49,0,256,0,140000,,2024120220,clothes_top
3083790,제멋,아크 롤링 오버핏 기모 후드 5종 네이비 SOHD2469,42800,17,13,0,257,0,13000,네이비,2024120220,clothes_top
3886780,허그본,[2PACK]무지 머슬핏 반팔 5컬러,30000,40,21,0,258,0,6200,,2024120220,clothes_top
4287409,무아무아,스티치 로고 라운드 니트 [핑크],29800,47,351,0,259,0,1200,,2024120220,clothes_top
3877567,폴로 랄프 로렌,[Crest Capsule] 롱슬리브 풀오버 니트- 블루,167300,30,58,0,260,0,0,블루,2024120220,clothes_top
1586586,러브이즈트루,PO HEART KNIT(SKY BLUE),35200,45,204,0,261,0,7900,blue,2024120220,clothes_top
3782754,맨인스토어 프로덕트,꽈배기 후드 반집업 니트_Gray,59900,25,50,0,262,0,3500,,2024120220,clothes_top
1498105,폴로 랄프 로렌,커스텀핏 데님 셔츠 - 블루,219000,0,21,0,263,0,8000,블루,2024120220,clothes_top
345889,페플,[2PACK] 더블코튼 무지반팔  2PACK KHST1011,29900,38,24,0,264,0,130000,,2024120220,clothes_top
2183910,테이크이지,코듀로이 라쿠로고 오버후드(그린),44850,35,31,0,265,0,3400,그린,2024120220,clothes_top
4249939,아미,레드 하트 로고 맨투맨 - 블루 / USW001730491,194990,57,25,0,266,0,0,블루,2024120220,clothes_top
4542527,논앤논,CHUNKY CRWNECK SWEATER (IVORY),46500,25,181,0,267,0,0,,2024120220,clothes_top
2518417,지프,[2PACK] 30수 스몰로고 반팔티 (JP5TSU159BK),12900,77,27,0,268,0,72000,,2024120220,clothes_top
3448767,애습,인텔리 코튼 크루넥 니트 네이비,55200,20,29,0,269,0,1700,네이비,2024120220,clothes_top
2313388,1993스튜디오,90S 트랙 스웨트셔츠_그레이,55250,35,28,0,270,0,30000,그레이,2024120220,clothes_top
4420587,칙스,Keep your eyes 롱 슬리브 티셔츠,19337,48,169,0,271,0,2600,,2024120220,clothes_top
3549188,해비즘,OVERSIZE VELOUR V-NECK L/S TEE(GREY),45000,53,88,0,272,0,3000,grey,2024120220,clothes_top
3544148,엘리메노,[2PACK] EL 스트리트 아트워크 오버핏 후드티 2종 패키지,51210,34,10,0,273,0,5200,,2024120220,clothes_top
3907161,아이필블루씨에스엠,Ifeelbluecsm Hoodie [4Color],44250,55,52,0,274,0,2700,blue,2024120220,clothes_top
1615822,제멋,로그 오버핏 기모 후드 블랙 YHHD2302,37800,24,26,0,275,0,32000,블랙,2024120220,clothes_top
2406919,폴로 랄프 로렌,[White Collection] 커스텀핏 클래식 옥스포드 셔츠  - 화이트,139300,30,60,0,276,0,7700,white | 화이트,2024120220,clothes_top
3026606,필루미네이트,오버핏 그래피티 로고 후디-오트밀,39590,38,62,0,277,0,22000,,2024120220,clothes_top
3511387,나이스고스트클럽,3STARS LOGO KNIT HOODIE_IVORY(NG2DFUK610A),53400,40,87,0,278,0,6600,,2024120220,clothes_top
4403500,디스이즈네버댓,T-Logo Crewneck Heather Grey,68000,20,36,0,279,0,0,grey,2024120220,clothes_top
4316115,세컨모놀로그,코만도 워시드 피그먼트 스웻셔츠 [DGRAY]_SETS041DGRAY,37800,58,53,0,280,0,0,,2024120220,clothes_top
4384145,마뗑킴,COLOR LINE POINT LOGO KNIT PULLOVER IN BLACK,118400,20,73,0,281,0,0,black,2024120220,clothes_top
2328113,예일,스몰아치 스웨트셔츠_블랙,27400,44,36,0,282,0,20000,블랙,2024120220,clothes_top
2144379,게인스보로,[SET] 로럴골든 후드티 조거팬츠 셋업_(8color),79900,38,12,0,283,0,23000,,2024120220,clothes_top
4584153,노드유,소프트 헨리넥 라운드 긴팔 니트 [블랙],29900,41,156,32,284,0,0,블랙,2024120220,clothes_top
4406512,스컬프터,Shirring Tennis Shirt Navy/Green Stripe,53200,30,654,0,285,0,2200,green | navy,2024120220,clothes_top
3435627,무신사 스탠다드,코튼 리브드 크루 넥 니트 [블랙],39890,20,10,0,286,0,4800,블랙,2024120220,clothes_top
4385991,수아레,(우먼)캐시미어 100 홀가먼트 니트 - 10 COLOR,89900,28,80,0,287,0,4600,,2024120220,clothes_top
3521259,도프제이슨,노마드 헤어리 니트 BLACK,53500,32,21,0,288,0,2300,black,2024120220,clothes_top
2065703,유니온블루,LAUNDRY SHIRT (WHITE),52700,15,16,0,289,0,20000,white,2024120220,clothes_top
3481226,무신사 스탠다드,[힛탠다드] 크루 넥 긴팔 티셔츠 [화이트],17490,20,15,0,290,0,7400,화이트,2024120220,clothes_top
4620865,유니온블루,PREMIER CRU WOOL ELEVEN KNIT [NATURAL BROWN],97300,30,56,0,291,0,0,brown,2024120220,clothes_top
4527007,시티브리즈,시티 스내피 그래픽 스웨트 셔츠_MELANGE WHITE,50730,43,11,0,292,0,0,white,2024120220,clothes_top
2192072,에스피오나지,Miller Knit Sweater Navy,66750,25,32,0,293,0,3400,navy,2024120220,clothes_top
1139101,엘무드,화란 세미오버 니트 크림,71900,20,33,0,294,0,39000,,2024120220,clothes_top
2374814,소버먼트,950G 솔리드 후드-딥 블랙-,62300,40,24,0,295,0,12000,블랙,2024120220,clothes_top
3793808,언탭트 스튜디오,[2PACK]빅사이즈 베이직핏 소프트테리 스웨트 후드티셔츠,29900,75,129,0,296,0,3000,,2024120220,clothes_top
4320382,모즈모즈,[SET] 카오스 코듀로이 오버핏 맨투맨 셋업 오트밀,55800,40,63,0,297,0,0,,2024120220,clothes_top
4464083,애습,인텔리 코튼 크루넥 니트 올리브 카키,55200,20,61,0,298,0,0,,2024120220,clothes_top
4277692,아이돈워너셀,Novichi Hoodie Black,79200,20,32,0,299,0,0,black,2024120220,clothes_top
2723767,수아레,데일리 라운드 니트 - 12 COLOR,20250,55,2600,786,1,0,150000,,2024120320,clothes_top
2149254,무신사 스탠다드,베이식 긴팔 티셔츠 2팩,29990,21,388,238,2,0,340000,,2024120320,clothes_top
4509977,워크온바디오프,반폴라 세미 오버핏 모크넥 니트 [블랙],14850,55,1400,377,3,0,18000,블랙,2024120320,clothes_top
1582356,소버먼트,980G 피그먼트 맨투맨-챠콜-,44300,54,673,159,4,0,110000,,2024120320,clothes_top
2990516,1989스탠다드,RV_OUR 1989 후드 (STHSTD-0004),24500,67,1300,352,5,0,83000,,2024120320,clothes_top
2086653,무신사 스탠다드,레이어드 크루 넥 반팔 티셔츠_일반 기장 [화이트],15190,10,309,200,6,0,520000,화이트,2024120320,clothes_top
4326536,디미트리블랙,[기모선택] VLAD 컷오프 아플리케 후드 티셔츠_차콜,28500,43,1400,198,7,0,14000,차콜,2024120320,clothes_top
4349548,제이엘브,심볼 로고 풋볼 저지,22000,78,572,189,8,0,16000,,2024120320,clothes_top
4480309,라퍼지스토어,울 자카드 후드 더플 니트_3COLOR,54000,45,1200,111,9,0,7600,,2024120320,clothes_top
3669072,브론슨,[2PACK] Tompkins® Loopwheeled Tubular Tee,51600,40,237,0,10,0,5500,,2024120320,clothes_top
4421530,디미트리블랙,에센셜 헤어리 라운드 니트_차콜 그레이,22900,58,1800,217,11,0,8600,그레이 | 차콜,2024120320,clothes_top
4285909,언탭트 스튜디오,오버핏 케이블 라운드 니트 5COLOR,24900,50,1300,347,12,0,24000,,2024120320,clothes_top
1817394,트래블,[3-PACK]베이직 트래블러 피그먼트 스웨트셔츠,39900,73,563,114,13,0,69000,,2024120320,clothes_top
3640947,트릴리온,워셔블 아란 케이블 후드 집업 니트 (IVORY),39000,43,431,73,14,0,23000,,2024120320,clothes_top
3495320,수아레,[SET] 스테디 니트 세트,58900,35,109,32,15,0,24000,,2024120320,clothes_top
4328686,트릴리온,헤어리 그래픽 로고 오버핏 자카드 니트 (BLUE),27800,47,787,90,16,0,5700,blue,2024120320,clothes_top
4302685,소라노,SORANO Basic Logo HOODIE [4Color],44900,62,538,124,17,0,20000,,2024120320,clothes_top
1558847,수아레,[리뉴얼] 하프 터틀넥 니트 세트,23920,52,273,99,18,0,150000,,2024120320,clothes_top
3791891,필루미네이트,오버핏 포레스트 체크 셔츠-블랙,19900,63,485,137,19,0,49000,블랙,2024120320,clothes_top
994588,필루미네이트,옵티멀 베이직 셔츠-화이트[린넨＆옥스포드 선택],22700,57,350,109,20,0,72000,화이트,2024120320,clothes_top
3539904,디미트리블랙,에센셜 헤어리 라운드 니트_라이트 그레이,22900,58,571,117,21,0,12000,그레이,2024120320,clothes_top
3640949,트릴리온,워셔블 아란 케이블 후드 집업 니트 (CHARCOAL),38300,44,359,75,22,0,20000,charcoal,2024120320,clothes_top
3546288,이코르,클로버  자수 스웨트셔츠_네이비,33800,62,615,54,23,0,5200,네이비,2024120320,clothes_top
2684357,노매뉴얼,CROPPED HAIRY KNIT - MELANGE,54500,50,487,59,24,0,9500,,2024120320,clothes_top
2122566,무신사 스탠다드,레이어드 크루 넥 반팔 티셔츠_일반 기장 2팩,20190,40,166,101,25,0,130000,,2024120320,clothes_top
2139775,미니멀코드,소프트 필링 세미오버 라운드 니트 초코브라운,29500,50,464,77,26,0,31000,브라운,2024120320,clothes_top
2314616,토피,에센셜 후드 스웻 셔츠 (MELANGE GREY),32650,24,165,49,27,0,94000,grey,2024120320,clothes_top
1208839,그루브라임,"[2PACK] 유니)C/P기모쭈리 - LOCATION 맨투맨(세미오버핏)(15COLOR)[LRAWCTM704M/712M, 304M, GMT501H43]",27100,77,306,74,28,0,110000,,2024120320,clothes_top
2990463,1989스탠다드,SMALL CENTER 후드 (STHSTD-0015),24700,67,502,156,29,0,19000,,2024120320,clothes_top
2990274,1989스탠다드,SMALL CENTER 맨투맨 (STMSTD-0015),23400,61,393,71,30,0,42000,,2024120320,clothes_top
4324518,칙스,하트 칙스 오버핏 라운드 니트,26981,45,525,67,31,0,4100,,2024120320,clothes_top
3533480,에즈카톤,스페이스 헤비코튼 후드 버건디 KMHD6723,43800,30,218,46,32,0,36000,,2024120320,clothes_top
3012570,트래블,워크샵 디비전 피그먼트 후드티 블랙 차콜,29900,62,345,80,33,0,26000,블랙 | 차콜,2024120320,clothes_top
4584154,노드유,소프트 헨리넥 라운드 긴팔 니트 [베이지],24900,51,572,139,34,0,3500,,2024120320,clothes_top
947067,무신사 스탠다드,스웨트셔츠 [블랙],29900,0,73,0,35,0,140000,블랙,2024120320,clothes_top
4288950,디미트리블랙,[기모선택] ASI 포시즌 에센셜 피그먼트 후드 티셔츠_차콜,27900,37,386,57,36,0,7000,차콜,2024120320,clothes_top
3475395,웬즈데이오아시스,[기모버전추가]시그니처 오버핏 맨투맨(4col),21930,57,735,222,37,0,29000,,2024120320,clothes_top
2722805,브라운브레스,TAG OG HOODIE - BURGUNDY,80100,10,155,0,38,0,27000,,2024120320,clothes_top
404474,브렌슨,(Renew Ver.) 베이직 긴팔티셔츠 4종 ( 5Color ),14900,40,367,121,39,0,260000,,2024120320,clothes_top
2338457,비터셀즈,하트 벌룬 스웻 셔츠-3 Colors,29680,47,336,49,40,0,19000,,2024120320,clothes_top
2226767,드로우핏,오버사이즈 집업 카라 터틀넥 니트 [5color],43000,43,234,80,41,0,38000,,2024120320,clothes_top
4328682,트릴리온,헤어리 그래픽 로고 오버핏 자카드 니트 (GREEN),35700,31,289,36,42,0,3400,green,2024120320,clothes_top
3050501,제이엘브,[2pack] 루즈핏 롱슬리브,34000,73,162,62,43,0,16000,,2024120320,clothes_top
2684358,노매뉴얼,CROPPED HAIRY KNIT - GRASS GREEN,54500,50,286,41,44,0,19000,green,2024120320,clothes_top
2194649,굿라이프웍스,카라 케이블 니트 집업 블랙,39800,47,240,45,45,0,42000,블랙,2024120320,clothes_top
2109937,엠오오,피치스킨 벌룬오버 후드 - 블랙,33300,51,208,51,46,0,23000,블랙,2024120320,clothes_top
1615829,제멋,로그 오버핏 기모 후드 그레이 YHHD2302,37800,24,178,37,47,0,100000,그레이,2024120320,clothes_top
3417709,무신사 스탠다드 우먼,우먼즈 슬림 크루 넥 긴소매 티셔츠 [화이트],16790,11,154,0,48,0,17000,화이트,2024120320,clothes_top
2058188,브라운브레스,TAG OG HOODIE - BLACK,80100,10,112,0,49,0,52000,black,2024120320,clothes_top
2757451,니티드,[니티드X깡스타일리스트] 코튼 미니멀 라운드 니트 (2color),39800,60,254,54,50,0,32000,,2024120320,clothes_top
2970542,슬로우애시드,피치스킨 러스티 로고 스웨트셔츠 [웜그레이],35900,55,354,40,51,0,19000,그레이,2024120320,clothes_top
854337,무신사 스탠다드,릴렉스 핏 옥스포드 셔츠 [화이트],27090,20,60,30,52,0,88000,화이트,2024120320,clothes_top
4388024,더니트컴퍼니,[패션플래닛X더니트컴퍼니] 워셔블 코튼 크루넥 니트 12color,39900,30,218,57,53,0,20000,,2024120320,clothes_top
4265248,어나더 아카이브,그래피티 로고 후드티_네이비,27900,44,450,60,54,0,5100,네이비,2024120320,clothes_top
3223007,브렌슨,( 2PACK ) 퓨어코튼 레이어드 체인 반팔티,18900,62,157,97,55,0,29000,,2024120320,clothes_top
2043056,코드그라피,[SET] [후드티 OR 맨투맨 선택] CGP 아치 로고 셋업_네이비,50425,57,216,0,56,0,38000,네이비,2024120320,clothes_top
2970541,슬로우애시드,피치스킨 러스티 로고 스웨트셔츠 [블랙],39000,51,233,48,57,0,21000,블랙,2024120320,clothes_top
4481198,몽돌,[SET] 세미 크롭 니트 - 라운드/터틀넥,39900,66,260,42,58,0,2000,,2024120320,clothes_top
2692476,캘빈클라인 진,남녀공용 릴렉스핏 모노그램 로고 후디 J327360 BEH,59900,50,155,32,59,0,5900,,2024120320,clothes_top
4394773,브라운브레스,TAG HOODIE - ASH,80100,10,121,0,60,0,3600,,2024120320,clothes_top
3539902,디미트리블랙,에센셜 헤어리 라운드 니트_핑크,22900,58,407,36,61,0,7100,,2024120320,clothes_top
4299296,언탭트 스튜디오,시티보이 오버핏 럭비 카라 맨투맨 스웻 티셔츠 4COLOR,34285,30,251,48,62,0,7200,,2024120320,clothes_top
4514674,트릴리온,워셔블 노르딕 자카드 카라넥 2WAY 집업 니트 [베이지],29900,45,643,59,63,0,2100,,2024120320,clothes_top
2995119,트릴리온,컬러 배색 1992 그래픽 후드 (NAVY),27350,45,186,43,64,0,50000,navy,2024120320,clothes_top
4467040,아미,레드 하트 로고 후드 - 블랙 / BFUSW235730001,256990,54,57,0,65,0,0,블랙,2024120320,clothes_top
1336836,브렌슨,(Renew Ver.) 루즈핏 스웨트 셔츠 ( 9Color ) ( 기모선택 ),18900,42,185,50,66,0,56000,,2024120320,clothes_top
4387116,르아르,리브드 오버핏 헨리넥 니트 [블랙],45900,41,113,44,67,0,2000,블랙,2024120320,clothes_top
3465171,키뮤어,소프트 텍스쳐 세미 오버핏 데일리 니트_8 COLOR,19900,66,453,166,68,0,27000,,2024120320,clothes_top
4422975,수아레,워셔블 모크넥 슬리브 니트 블랙,20280,48,322,70,69,0,3500,블랙,2024120320,clothes_top
3463298,예일,투톤아치 후드_그레이,31600,60,147,0,70,0,16000,그레이,2024120320,clothes_top
4314115,지프,M-Logo 반집업 맨투맨 (JP5TSU839) 10colors,20700,70,352,0,71,0,9900,,2024120320,clothes_top
4440029,아메스 월드와이드,BIG TYPO HOODIE GREY,51790,30,129,0,72,0,3500,grey,2024120320,clothes_top
4328687,트릴리온,헤어리 그래픽 로고 오버핏 자카드 니트 (CHARCOAL),35700,31,249,0,73,0,2500,charcoal,2024120320,clothes_top
4480313,라퍼지스토어,울 자카드 후드 더플 니트_Midnight Blue,68000,31,329,0,74,0,2000,blue,2024120320,clothes_top
4341053,아미,레드 하트 로고 맨투맨 - 블랙 / BFUSW001730001,209990,52,108,0,75,0,0,블랙,2024120320,clothes_top
3539905,디미트리블랙,에센셜 헤어리 라운드 니트_라이트 그린,22900,58,307,36,76,0,8400,그린,2024120320,clothes_top
876284,필루미네이트,[블랙]SET B-스테디 하프 폴라넥,29590,43,24,0,77,0,62000,블랙,2024120320,clothes_top
4375639,꼼파뇨,happy day 피그먼트 스웨트셔츠 스모크블랙,39600,45,159,0,78,0,4200,블랙,2024120320,clothes_top
2683549,세터,파로 오버 사이즈 부클 가디건 클래식 블랙,119200,20,83,0,79,0,13000,블랙,2024120320,clothes_top
4619622,디스이즈네버댓,T-Logo Hoodie,66500,30,212,43,80,0,2100,,2024120320,clothes_top
2105452,소버먼트,980G 피그먼트 컷 후드-차콜-,68300,40,34,0,81,0,26000,차콜,2024120320,clothes_top
3451265,노매뉴얼,CROPPED HAIRY KNIT - MARINA,54500,50,120,0,82,0,4900,,2024120320,clothes_top
2184395,굿라이프웍스,마일드 보카시 크루넥 스웨터 오버핏 니트 블루,29800,45,381,58,83,0,11000,블루,2024120320,clothes_top
1628939,무신사 스탠다드,미니멀 크루 넥 니트 [블랙],55890,20,44,0,84,0,30000,블랙,2024120320,clothes_top
4305227,나인제트,헤비코튼 크루넥 머슬 니트 (블랙) 24NTL01,49990,40,277,0,85,0,1800,블랙,2024120320,clothes_top
1642904,무신사 스탠다드,헤비웨이트 오버사이즈 후디드 스웨트셔츠 [미디엄 그레이],42390,15,81,0,86,0,32000,그레이,2024120320,clothes_top
3286918,마리떼,3PACK SMALL REGULAR LOGO TEE mix,29400,40,158,0,87,0,15000,,2024120320,clothes_top
4454673,비터셀즈,[기모] 레드애플 스웻셔츠-오트밀,28910,51,255,0,88,0,1800,,2024120320,clothes_top
1629142,무신사 스탠다드,미니멀 모크 넥 니트 [블랙],59390,15,19,0,89,0,13000,블랙,2024120320,clothes_top
4328688,트릴리온,헤어리 그래픽 로고 오버핏 자카드 니트 (BLACK),32880,37,284,0,90,0,2100,black,2024120320,clothes_top
4397049,메종미네드,[4COLOR] DOODLE HEART HOODIE,55390,30,121,0,91,0,2500,,2024120320,clothes_top
2705733,무신사 스탠다드,레이어드 크루 넥 긴팔 티셔츠_일반 기장 [화이트],15890,20,14,0,92,0,30000,화이트,2024120320,clothes_top
1548435,쿠어,탑필 울 라운드 니트 (블랙),72900,10,97,0,93,0,22000,블랙,2024120320,clothes_top
4285379,더콜디스트모먼트,TCM rag hoodie (black),71200,20,194,0,94,0,1700,black,2024120320,clothes_top
659554,이에스엔,[세트]  하프 폴라 니트 티셔츠,28900,63,95,0,95,0,260000,,2024120320,clothes_top
2034137,무신사 스탠다드,릴렉스 핏 크루 넥 반팔 티셔츠 2팩,23790,25,25,45,96,0,240000,,2024120320,clothes_top
3481826,무신사 스탠다드,리브드 니트 후디드 집업 [미디엄 그레이],49990,37,66,0,97,0,6400,그레이,2024120320,clothes_top
1685307,마인드브릿지,[3팩]고밀도순면기본반팔티셔츠  MATS0101,19900,0,27,32,98,0,97000,,2024120320,clothes_top
4279994,노매뉴얼,A.G HOODIE - BROWN,45080,51,116,0,99,0,1700,brown,2024120320,clothes_top
3539903,디미트리블랙,에센셜 헤어리 라운드 니트_스카이블루,32800,40,193,0,100,0,5000,블루,2024120320,clothes_top
3442674,슈퍼서브,THUNDER  브러쉬드 니트 - 네이비,48900,34,191,0,101,0,6100,네이비,2024120320,clothes_top
2990438,1989스탠다드,1989 자수 후드 (STHSTD-0025),29900,64,211,53,102,0,19000,,2024120320,clothes_top
3735510,유니온블루,CASHMERE WOOL CREWNECK KNIT [MELANGE GREY],103500,25,131,0,103,0,1600,grey,2024120320,clothes_top
4612418,파르티멘토,브러쉬드 모헤어 페어아일 니트 브라운,35500,43,385,44,104,0,1400,브라운,2024120320,clothes_top
4071966,오피쉬,"레터링 후디, 블랙",52250,45,229,0,105,0,3300,블랙,2024120320,clothes_top
3019653,엘무드,화란 세미오버 니트 ( 20COLOR ),44900,50,440,59,106,0,5700,,2024120320,clothes_top
3452344,세터,세터 아플리케 리벳 후드 클래식 네이비,111750,25,74,0,107,0,2200,네이비,2024120320,clothes_top
4329700,에이치덱스,자이언트핏 럭비 저지 롱 슬리브,53400,40,173,0,108,0,2200,,2024120320,clothes_top
4531158,얼킨 캔버스,베티붑 오버핏 브이넥 니트_레드,41300,30,254,0,109,0,1200,,2024120320,clothes_top
3833439,쿠어,캐시팝 트위드 크루넥 니트 (블랙),66000,40,192,0,110,0,1200,블랙,2024120320,clothes_top
2734776,에스피오나지,Heavyweight Waffle Knit Sweater Olive,84000,15,114,0,111,0,3300,,2024120320,clothes_top
4405632,리,부클 빅 트위치 로고 니트 라이트 그레이,81750,25,89,0,112,0,0,그레이,2024120320,clothes_top
2302738,브라운브레스,TAG OG HOODIE - NAVY,80100,10,59,0,113,0,14000,navy,2024120320,clothes_top
3539176,트릴리온,워셔블 투 톤 크루넥 그래픽 니트 (BLACK),19990,62,245,46,114,0,18000,black,2024120320,clothes_top
4567880,론론,CAT JACQUARD HOOD ZIP UP KNIT NAVY,116200,30,99,0,115,0,0,navy,2024120320,clothes_top
655833,커스텀어클락,[코튼100]소프트 베이직 터틀넥 니트 9 COLOR COOSKT006,29500,50,100,0,116,0,34000,,2024120320,clothes_top
2970544,슬로우애시드,피치스킨 러스티 로고 스웨트셔츠 [딥블루],39000,51,45,0,117,0,18000,블루,2024120320,clothes_top
3675284,라이크더모스트,소프트 LTMT 오버 후디 (블루),25714,57,183,0,118,0,16000,블루,2024120320,clothes_top
2722795,브라운브레스,TAG HOODIE - MELANGE GREY,80100,10,56,0,119,0,6700,grey,2024120320,clothes_top
4351636,미세키서울,Side button knit CHARCOAL,89900,35,338,0,120,0,1100,charcoal,2024120320,clothes_top
2725585,슬로우애시드,블러리 로고 스웨트셔츠 [블랙],39000,51,109,0,121,0,18000,블랙,2024120320,clothes_top
2778674,무신사 스탠다드,메리노 울 블렌드 하이게이지 터틀 넥 니트 [블랙],29990,36,71,0,122,0,14000,블랙,2024120320,clothes_top
2814469,마인드브릿지,하프집업니트 - 6color MXKT7126,19900,78,381,0,123,0,9900,,2024120320,clothes_top
1642903,무신사 스탠다드,헤비웨이트 오버사이즈 후디드 스웨트셔츠 [블랙],42390,15,18,0,124,0,23000,블랙,2024120320,clothes_top
4425280,테이크이지,페어아일 니트 (브라운),39900,42,282,0,125,0,1300,브라운,2024120320,clothes_top
4450944,디미트리블랙,2WAY 에센셜 헤비웨이트 노르딕 가디건_차콜 그레이,49800,29,100,0,126,0,1200,그레이 | 차콜,2024120320,clothes_top
1620237,폴로 랄프 로렌,케이블니트 코튼 스웨터 - 블루,259000,0,80,0,127,0,3700,블루,2024120320,clothes_top
2139704,미니멀코드,소프트 필링 세미오버 라운드 니트 블랙,29500,50,22,35,128,0,7700,블랙,2024120320,clothes_top
2697813,프렌다,PRDA DENIM PATCH CREWNECK SHIRT,27600,60,234,0,129,0,19000,,2024120320,clothes_top
3458174,탑텐,공용) 코튼 베이직 반팔티 3PACK_MSE5TS3001,9900,50,134,88,130,0,14000,,2024120320,clothes_top
3494992,수아레,워셔블 케이블 라운드 니트 - 5 COLOR,28720,36,300,77,131,0,22000,,2024120320,clothes_top
2759813,세인트페인,SP 팀 로고 후드-멜란지 그레이,59500,30,73,0,132,0,11000,그레이,2024120320,clothes_top
4421529,디미트리블랙,에센셜 헤어리 라운드 니트_오트밀,37800,31,246,0,133,0,1600,,2024120320,clothes_top
4351643,미세키서울,Side button knit GREY,131100,5,260,0,134,0,0,grey,2024120320,clothes_top
4227437,스탠다드에러,87-STAN081 원포켓 빈티지 오버핏 긴팔 체크 셔츠 네이비,18900,65,165,38,135,0,7900,네이비,2024120320,clothes_top
4467468,언탭트 스튜디오,[2PACK]소프트 하프 폴라 모크넥 니트 티셔츠 3Color,32800,30,98,0,136,0,2400,,2024120320,clothes_top
843276,이에스엔,퍼펙트 터틀넥 니트 티셔츠 블랙,21400,45,84,41,137,0,37000,블랙,2024120320,clothes_top
4280128,노매뉴얼,COWICHAN HOODED ZIP-UP - NAVY,89400,40,100,0,138,0,1200,navy,2024120320,clothes_top
4424524,낫온리포투데이,넘버볼 후드티 [멜란지 그레이],39000,51,120,0,139,0,1200,그레이,2024120320,clothes_top
4483619,더콜디스트모먼트,TCM starfish mini logo mohair knit (beige),91200,20,173,0,140,0,0,,2024120320,clothes_top
876277,필루미네이트,[블랙]B-스테디 하프 폴라넥-블랙,26000,0,47,0,141,0,43000,블랙,2024120320,clothes_top
4496913,브라운브레스,KITTY TAG HOODIE - OATMEAL,98100,10,30,0,142,0,0,,2024120320,clothes_top
2096583,코드그라피,[SET] [후드티 OR 맨투맨 선택] CGP 아치 로고 셋업_다크그레이,50425,57,136,0,143,0,11000,그레이,2024120320,clothes_top
4440027,아메스 월드와이드,BIG TYPO HOODIE BLACK,51790,30,94,0,144,0,1900,black,2024120320,clothes_top
4348548,네스티킥,Int Prty Hoodie (White)_K24ZB765,49900,41,57,0,145,0,1500,white,2024120320,clothes_top
3539169,트릴리온,워셔블 투 톤 크루넥 그래픽 니트 (KHAKI),19990,62,251,43,146,0,7700,,2024120320,clothes_top
3302463,에이치덱스,심볼 에어 머슬핏 숏 슬리브,21600,40,107,45,147,0,12000,,2024120320,clothes_top
2705740,무신사 스탠다드,오버사이즈 스웨트셔츠 [블랙],28390,25,38,0,148,0,14000,블랙,2024120320,clothes_top
4249938,아미,빅하트 로고 니트 - 차콜 / UKS002018067,285990,62,107,0,149,0,0,차콜,2024120320,clothes_top
4319472,모즈모즈,헤비 웨이트 피그먼트 나그랑 뒷절개 오버핏 맨투맨 챠콜,39900,48,183,0,150,0,1500,,2024120320,clothes_top
2723764,수아레,하찌 카라 투웨이 집업 니트 - 6 COLOR,30500,51,404,111,151,0,58000,,2024120320,clothes_top
3777727,유니온블루,CASHMERE WOOL CREWNECK KNIT [LIGHT GREY],103500,25,59,0,152,0,0,grey,2024120320,clothes_top
4316117,세컨모놀로그,[3color] 코만도 워시드 피그먼트 스웻셔츠_SETS041,29300,67,179,0,153,0,1500,,2024120320,clothes_top
4378833,아미,레드 하트 로고 후드 - 헤더 그레이 / BFUSW200730055,236990,57,43,0,154,0,0,그레이,2024120320,clothes_top
4319449,마리떼,BOUCLE CLASSIC LOGO SWEATER dark pink,135150,15,44,0,155,0,0,,2024120320,clothes_top
3856743,언탭트 스튜디오,시티보이 빅 오버핏 빅사이즈 옥스포드 셔츠 4 COLOR,18360,60,162,40,156,0,41000,,2024120320,clothes_top
4329587,밀리언코르,[5574] 헤어리 브이넥 니트 (아이보리),32000,41,140,0,157,0,2200,,2024120320,clothes_top
1710327,블론드나인,크루넥 리브 니트 스웨터_블랙,23200,65,147,30,158,0,80000,블랙,2024120320,clothes_top
2091652,폴로 랄프 로렌,케이블니트 코튼 스웨터 - 그레이,259000,0,11,0,159,0,2200,그레이,2024120320,clothes_top
2419002,에스피오나지,Miller Knit Sweater Burnt Orange,71200,20,43,0,160,0,4300,,2024120320,clothes_top
3656142,마인드브릿지,[COMFY]케이블세미오버핏니트 - 7color MYKT71A3,39900,63,167,0,161,0,2600,,2024120320,clothes_top
4361219,소버먼트,980G 피그먼트 맨투맨-워시드 블랙-,57200,40,91,0,162,0,1300,블랙,2024120320,clothes_top
2837412,플레이스 스튜디오,소프트 울 오버핏 풀오버 라운드 니트 7컬러,29200,40,1000,54,163,0,11000,,2024120320,clothes_top
1875849,무신사 스탠다드,링클프리 드레스 셔츠 [화이트],31290,15,14,0,164,0,23000,화이트,2024120320,clothes_top
3650001,파르티멘토 우먼,릴리 부클 니트 스웨터_차콜,62930,30,78,0,165,0,3800,차콜,2024120320,clothes_top
3442679,슈퍼서브,THUNDER  브러쉬드 니트 - 핑크,48900,34,106,0,166,0,8600,,2024120320,clothes_top
4597373,바우로 프로덕트,소프트 이중직 반폴라 니트 [블랙],39400,21,157,0,167,0,1100,블랙,2024120320,clothes_top
996177,무신사 스탠다드,릴렉스 핏 크루 넥 반팔 티셔츠 [화이트],14290,10,23,0,168,0,540000,화이트,2024120320,clothes_top
3727680,슈퍼서브,[SET] THUNDER 브러쉬드 니트 2PACK,79900,46,36,0,169,0,3200,,2024120320,clothes_top
4468339,그루브라임,[2PACK] GRVE SWEATSHIRT (3COLOR) [LRSSCTM705M],29000,82,140,58,170,0,1200,,2024120320,clothes_top
3417707,무신사 스탠다드 우먼,우먼즈 슬림 크루 넥 긴소매 티셔츠 [블랙],15990,15,48,0,171,0,10000,블랙,2024120320,clothes_top
4446128,네스티킥,Banana Boy Hoodie (Brown)_K24ZB767,49900,41,54,0,172,0,1400,brown,2024120320,clothes_top
4279928,노매뉴얼,O.D CHECK SHIRT - BLACK,69020,42,102,0,173,0,2800,black,2024120320,clothes_top
4265253,테켓,Plan Half Zip-Up Sweatshirt Black,75200,20,42,0,174,0,1100,black,2024120320,clothes_top
1642887,무신사 스탠다드,헤비웨이트 오버사이즈 스웨트셔츠 [블랙],23890,40,14,31,175,0,38000,블랙,2024120320,clothes_top
4265231,어나더 아카이브,그래피티 로고 후드티_블랙,28800,42,101,0,176,0,2000,블랙,2024120320,clothes_top
4512312,세터,리벳 아플리케 포켓 로고 후드 10color,83400,40,273,0,177,0,1200,,2024120320,clothes_top
2396645,수아레,워셔블 하찌 니트 - 12 COLOR,22222,62,597,97,178,0,150000,,2024120320,clothes_top
2043588,노매뉴얼,DOODLE LOGO HOODIE - BLACK,49590,43,102,0,179,0,24000,black,2024120320,clothes_top
4306299,브론슨,Blue Chambray Work Shirt KR Ver.,62870,15,62,0,180,0,3400,blue,2024120320,clothes_top
1599217,테이크이지,램스울 크루넥 오버 니트 (연차콜),35100,35,78,0,181,0,65000,차콜,2024120320,clothes_top
3667321,무센트,원형 백 로고 후드티 (3컬러),44700,61,124,0,182,0,3500,,2024120320,clothes_top
2771471,데꼬로소,프롬 캐시미어 하프넥 니트 [블랙],48500,25,23,0,183,0,3500,블랙,2024120320,clothes_top
4384143,마뗑킴,COLOR LINE POINT LOGO KNIT PULLOVER IN GREY,118400,20,176,0,184,0,0,grey,2024120320,clothes_top
4265193,어나더 아카이브,그래피티 로고 후드티_그레이,28800,42,22,0,185,0,2200,그레이,2024120320,clothes_top
4371211,오드스튜디오,스포티 트랙 세미 크롭 니트 집업 - CHARCOAL,46800,47,106,0,186,0,1000,charcoal,2024120320,clothes_top
2785403,엑스톤즈,XTK036 알렌 스트라이프 모헤어 니트 (BLACK/GRAY),44850,35,97,0,187,0,4400,black,2024120320,clothes_top
4427040,제로플래닛,노라 투웨이 버튼 가디건 [FOREST],28800,40,333,44,188,0,2000,,2024120320,clothes_top
4421709,맨인스토어 프로덕트,피그먼트 헤비 스웨트 후디_Charcoal,59900,14,91,0,189,0,1000,charcoal,2024120320,clothes_top
4265255,테켓,Plan Half Zip-Up Sweatshirt Navy,75200,20,101,0,190,0,0,navy,2024120320,clothes_top
4311874,아메스 월드와이드,BIG TYPO HOODIE KHAKI,51790,30,50,0,191,0,2100,,2024120320,clothes_top
4439440,벤힛,Focus 피그먼트 후드티,38900,42,98,0,192,0,2300,,2024120320,clothes_top
2305840,토마스모어,TE5-SH08 프렌치 스트라이프 셔츠-네이비,59700,0,23,0,193,0,22000,네이비,2024120320,clothes_top
4376346,오로,노르딕 스노우 플라워 후드니트_Butter,93900,36,137,0,194,0,0,,2024120320,clothes_top
3158061,에이치덱스,[2pack] 메인 스몰 로고 에어 머슬핏 숏 슬리브,57600,20,48,0,195,0,27000,,2024120320,clothes_top
3562068,유니온블루,KENSINGTON SHIRT,77900,5,29,0,196,0,9000,,2024120320,clothes_top
4265261,테켓,Plan Hoodie Melange Gray,77600,20,80,0,197,0,1200,,2024120320,clothes_top
4186471,후크,빈티지 워싱 브라운  체크셔츠,29900,66,43,0,198,0,3900,브라운,2024120320,clothes_top
4342389,고스트리퍼블릭,심볼 로고 트랙 폴로 맨투맨 GMT-156,24900,46,340,72,199,0,5700,,2024120320,clothes_top
2374788,소버먼트,950G 솔리드 후드-8% 멜란지 그레이-,62300,40,47,0,200,0,9200,그레이,2024120320,clothes_top
4421630,맨인스토어 프로덕트,피그먼트 헤비 스웨트 맨투맨_6Color,49900,11,58,0,201,0,2200,,2024120320,clothes_top
4320380,모즈모즈,[SET] 카오스 코듀로이 오버핏 맨투맨 셋업 네이비,55800,40,43,0,202,0,1000,네이비,2024120320,clothes_top
2913659,필루미네이트,오버핏 그래피티 로고 후디-블랙,39590,38,57,0,203,0,18000,블랙,2024120320,clothes_top
2702396,키뮤어,[하찌 or  케이블 선택] 워셔블 하프집업 니트_12 COLOR,24900,64,270,87,204,0,75000,,2024120320,clothes_top
1574264,테이크이지,시티 스트라이프 오버 셔츠(시티블랙),26800,60,117,0,205,0,8000,블랙,2024120320,clothes_top
2723763,수아레,[리뉴얼] 케이블 라운드 니트 - 9 COLOR,29900,34,63,50,206,0,33000,,2024120320,clothes_top
2913656,필루미네이트,오버핏 그래피티 로고 후디-멜란지그레이,43500,32,88,0,207,0,33000,그레이,2024120320,clothes_top
4265243,어나더 아카이브,그래피티 로고 후드티_차콜,28800,42,96,0,208,0,1800,차콜,2024120320,clothes_top
4312423,라티젠,L13 RUGBY BOLD KNIT(BROWN),99450,15,56,0,209,0,0,brown,2024120320,clothes_top
3773867,커버낫,[2PACK] 쿨 코튼 티셔츠 블랙+화이트,28900,41,42,0,210,0,45000,블랙 | 화이트,2024120320,clothes_top
3451036,인템포무드,스탠다드 래글런 케이블 니트 : 13컬러,28500,50,238,57,211,0,7800,,2024120320,clothes_top
4390385,쿠어,울 크롭 크루넥 스웨터 (그레이),99000,10,50,0,212,0,0,그레이,2024120320,clothes_top
2718818,세터,더블린 언발란스 캐시미어 블렌드 니트 클래식 차콜,135200,20,52,0,213,0,7100,차콜,2024120320,clothes_top
2111422,애습,[추가 구매 할인] 반폴라 모크넥 티셔츠,19800,40,31,0,214,0,5900,,2024120320,clothes_top
4280139,노매뉴얼,SPRAY DYEING KNIT - BLACK,83300,30,47,0,215,0,0,black,2024120320,clothes_top
2081571,브론슨,Vintage Long Sleeve Henley Shirt Black,48420,15,64,0,216,0,4100,black,2024120320,clothes_top
3435628,무신사 스탠다드,코튼 리브드 크루 넥 니트 [미디엄 그레이],25890,48,121,0,217,0,6100,그레이,2024120320,clothes_top
3582805,퍼츠,ALL DAY HOODIE [BROWN],71200,20,65,0,218,0,2200,brown,2024120320,clothes_top
1144989,무신사 스탠다드,베이식 긴팔 티셔츠 [화이트],16990,10,15,0,219,0,330000,화이트,2024120320,clothes_top
4584153,노드유,소프트 헨리넥 라운드 긴팔 니트 [블랙],29900,41,225,31,220,0,1000,블랙,2024120320,clothes_top
3498319,어게인스트 올 오즈,크루넥 리브 오버핏 하찌 니트 - 8 COLOR [ONE OR TWO],16800,63,587,70,221,0,25000,,2024120320,clothes_top
1248490,브론슨,Vintage Long Sleeve Henley Shirt White,48420,15,23,0,222,0,5200,white,2024120320,clothes_top
2139133,드로우핏,[드로우핏X깡스타일리스트] 모크넥 니트 티셔츠 SET,43200,28,62,0,223,0,84000,,2024120320,clothes_top
4330937,1989스탠다드,1989 배색 후드(STHSTD-0099),34900,55,70,0,224,0,1200,,2024120320,clothes_top
4307540,마리떼,W CLASSIC LOGO CROP SWEATSHIRT light heather gray,80100,10,128,0,225,0,1100,,2024120320,clothes_top
1706633,폴로 랄프 로렌,커스텀핏 옥스포드 셔츠 - 화이트,199000,0,38,0,226,0,13000,화이트,2024120320,clothes_top
3533479,에즈카톤,스페이스 헤비코튼 후드 딥그레이 KMHD6723,43800,30,46,0,227,0,13000,그레이,2024120320,clothes_top
1586586,러브이즈트루,PO HEART KNIT(SKY BLUE),35200,45,207,0,228,0,7900,blue,2024120320,clothes_top
4325156,후브스,하이어 브이넥 니트 [멜란지브라운],37950,45,73,0,229,0,1000,브라운,2024120320,clothes_top
4445975,건지 울른스,나그랑 크루넥 코튼 스웨터 컬렉션,103500,25,148,0,230,0,1400,,2024120320,clothes_top
3781655,커스텀어클락,[2PACK]라운드 피셔맨 세미 크롭 니트 11COLOR COOSKT050,49900,62,120,0,231,0,2100,,2024120320,clothes_top
4287409,무아무아,스티치 로고 라운드 니트 [핑크],29800,47,279,0,232,0,1400,,2024120320,clothes_top
4424539,낫온리포투데이,NOFT 패치워크 맨투맨 [네이비],39000,51,96,0,233,0,1000,네이비,2024120320,clothes_top
2104878,테일러 스튜디오,엔비엘 로고 후드 (버건디),37900,68,90,0,234,0,9800,,2024120320,clothes_top
4307041,밈더워드로브,헬로 월드 LOVE 후드티_블랙,42500,50,128,0,235,0,1300,블랙,2024120320,clothes_top
3533482,에즈카톤,스페이스 헤비코튼 후드 카키 KMHD6723,43800,30,70,0,236,0,9800,,2024120320,clothes_top
3735509,유니온블루,CASHMERE WOOL CREWNECK KNIT [MELANGE NAVY],103500,25,44,0,237,0,1200,navy,2024120320,clothes_top
4542527,논앤논,CHUNKY CRWNECK SWEATER (IVORY),46500,25,138,0,238,0,0,,2024120320,clothes_top
2186292,프린트스타,[2PACK] 베이식 무지 레이어드 반팔 티셔츠 일반 기장,17690,70,35,32,239,0,130000,,2024120320,clothes_top
4420587,칙스,Keep your eyes 롱 슬리브 티셔츠,19337,48,168,0,240,0,2700,,2024120320,clothes_top
2106705,티떠블유엔,슬레이크 후드 올리브 HHHD3397,42900,25,41,0,241,0,45000,,2024120320,clothes_top
728000,무신사 스탠다드,베이식 옥스포드 셔츠 [화이트],27090,20,19,0,242,0,76000,화이트,2024120320,clothes_top
3530581,비전스트릿웨어,VSW Hairy Wave Stripe Knit Navy,70850,35,41,0,243,0,2400,navy,2024120320,clothes_top
4343184,니티드,[니티드X깡스타일리스트] 코튼 미니멀 라운드 니트 BROWN,49800,50,23,0,244,0,0,brown,2024120320,clothes_top
3877567,폴로 랄프 로렌,[Crest Capsule] 롱슬리브 풀오버 니트- 블루,167300,30,161,0,245,0,0,블루,2024120320,clothes_top
3886780,허그본,[2PACK]무지 머슬핏 반팔 5컬러,30000,40,27,0,246,0,6300,,2024120320,clothes_top
983339,무신사 스탠다드,베이식 드레스 셔츠 [화이트],28790,15,46,0,247,0,74000,화이트,2024120320,clothes_top
2314617,토피,에센셜 후드 스웻 셔츠 (BLACK),32650,24,33,0,248,0,24000,black,2024120320,clothes_top
4346438,레더리,레글런 트랙 니트 집업 [BLACK],59200,20,81,0,249,0,1700,black,2024120320,clothes_top
3603134,어널러코드,스트라이프 멀티 니트 (네이비),56000,30,54,0,250,0,2600,네이비,2024120320,clothes_top
4483616,더콜디스트모먼트,TCM starfish mini logo mohair knit (charcoal),91200,20,81,0,251,0,0,charcoal,2024120320,clothes_top
3782754,맨인스토어 프로덕트,꽈배기 후드 반집업 니트_Gray,39900,50,439,50,252,0,3600,,2024120320,clothes_top
2870838,세터,리벳 아플리케 포켓 로고 후드 오가닉블랙,111200,20,41,0,253,0,6700,블랙,2024120320,clothes_top
3540248,디스이즈네버댓,(FW23) T-Logo Hoodie Heather Grey,76000,20,47,0,254,0,14000,grey,2024120320,clothes_top
3549188,해비즘,OVERSIZE VELOUR V-NECK L/S TEE(GREY),45000,53,58,0,255,0,3000,grey,2024120320,clothes_top
4521033,더블유엠씨,[WMC x HINA] 락스타 후드_CHARCOAL GREY,71200,20,13,0,256,0,0,grey | charcoal,2024120320,clothes_top
4378832,아미,레드 하트 로고 맨투맨 - 헤더 그레이 / BFUSW001730055,203990,65,22,0,257,0,0,그레이,2024120320,clothes_top
1498105,폴로 랄프 로렌,커스텀핏 데님 셔츠 - 블루,219000,0,14,0,258,0,8000,블루,2024120320,clothes_top
2052956,팔렛,네로 맨투맨 네이비,20700,70,171,46,259,0,8100,네이비,2024120320,clothes_top
4309109,비전스트릿웨어,VSW Hairy Wave Stripe Knit Black,70850,35,71,0,260,0,0,black,2024120320,clothes_top
4249939,아미,레드 하트 로고 맨투맨 - 블루 / USW001730491,194990,57,33,0,261,0,0,블루,2024120320,clothes_top
4389518,쿠어,헤어리 알파카 블렌드 크루넥 스웨터 (멜란지그레이),133200,10,53,0,262,0,0,그레이,2024120320,clothes_top
4291462,아미,레드 하트 로고 반소매 티셔츠 - 화이트 / BFUTS001724100,104990,59,18,0,263,0,0,화이트,2024120320,clothes_top
4390380,쿠어,울 크롭 크루넥 스웨터 (블랙),99000,10,40,0,264,0,0,블랙,2024120320,clothes_top
4330179,코드그라피,CGP 스몰 스퀘어 로고 스트라이프 럭비 맨투맨_버건디,49110,38,47,0,265,0,1300,,2024120320,clothes_top
4451137,마리떼,CLASSIC LOGO EMBROIDERY HOODIE BRUSHED oatmeal,92650,15,23,0,266,0,0,,2024120320,clothes_top
3907161,아이필블루씨에스엠,Ifeelbluecsm Hoodie [4Color],44250,55,119,0,267,0,2700,blue,2024120320,clothes_top
2518417,지프,[2PACK] 30수 스몰로고 반팔티 (JP5TSU159BK),12900,77,82,0,268,0,72000,,2024120320,clothes_top
2690691,허그본,무지 머슬핏 반팔 13컬러,20000,20,37,0,269,0,140000,,2024120320,clothes_top
4406512,스컬프터,Shirring Tennis Shirt Navy/Green Stripe,53200,30,470,0,270,0,2200,green | navy,2024120320,clothes_top
345889,페플,[2PACK] 더블코튼 무지반팔  2PACK KHST1011,29900,38,33,0,271,0,130000,,2024120320,clothes_top
4514677,트릴리온,워셔블 노르딕 자카드 카라넥 2WAY 집업 니트 [블랙],38000,30,337,34,272,0,0,블랙,2024120320,clothes_top
3083790,제멋,아크 롤링 오버핏 기모 후드 5종 네이비 SOHD2469,42800,17,33,0,273,0,13000,네이비,2024120320,clothes_top
4384145,마뗑킴,COLOR LINE POINT LOGO KNIT PULLOVER IN BLACK,118400,20,120,0,274,0,0,black,2024120320,clothes_top
4430476,오피쉬,"미니 스타 후디,블랙",45000,47,152,0,275,0,0,블랙,2024120320,clothes_top
2183910,테이크이지,코듀로이 라쿠로고 오버후드(그린),44850,35,36,0,276,0,3400,그린,2024120320,clothes_top
3481226,무신사 스탠다드,[힛탠다드] 크루 넥 긴팔 티셔츠 [화이트],17490,20,34,0,277,0,7500,화이트,2024120320,clothes_top
3511387,나이스고스트클럽,3STARS LOGO KNIT HOODIE_IVORY(NG2DFUK610A),53400,40,56,0,278,0,6600,,2024120320,clothes_top
3521259,도프제이슨,노마드 헤어리 니트 BLACK,53500,32,34,0,279,0,2300,black,2024120320,clothes_top
1615822,제멋,로그 오버핏 기모 후드 블랙 YHHD2302,37800,24,26,0,280,0,32000,블랙,2024120320,clothes_top
3026606,필루미네이트,오버핏 그래피티 로고 후디-오트밀,39590,38,80,0,281,0,22000,,2024120320,clothes_top
3833442,쿠어,캐시팝 트위드 크루넥 니트 (월넛브라운),66000,40,159,0,282,0,0,브라운,2024120320,clothes_top
2065703,유니온블루,LAUNDRY SHIRT (WHITE),52700,15,17,0,283,0,20000,white,2024120320,clothes_top
4403500,디스이즈네버댓,T-Logo Crewneck Heather Grey,68000,20,39,0,284,0,0,grey,2024120320,clothes_top
4385991,수아레,(우먼)캐시미어 100 홀가먼트 니트 - 10 COLOR,89900,28,61,0,285,0,4700,,2024120320,clothes_top
2406919,폴로 랄프 로렌,[White Collection] 커스텀핏 클래식 옥스포드 셔츠  - 화이트,139300,30,47,0,286,0,7700,white | 화이트,2024120320,clothes_top
4371209,오드스튜디오,스포티 트랙 세미 크롭 니트 집업 - BROWN,49800,44,77,0,287,0,0,brown,2024120320,clothes_top
3448767,애습,인텔리 코튼 크루넥 니트 네이비,55200,20,59,0,288,0,1700,네이비,2024120320,clothes_top
2775713,트릴리온,워셔블 하프 집업 카라넥 하찌 니트 (PURE BLACK),19990,59,79,0,289,0,38000,black,2024120320,clothes_top
3758301,무신사 스탠다드,릴렉스드 워시드 포플린 셔츠 [화이트],29890,25,28,0,290,0,6200,화이트,2024120320,clothes_top
2192072,에스피오나지,Miller Knit Sweater Navy,75600,15,40,0,291,0,3400,navy,2024120320,clothes_top
4620865,유니온블루,PREMIER CRU WOOL ELEVEN KNIT [NATURAL BROWN],97300,30,58,0,292,0,0,brown,2024120320,clothes_top
4316115,세컨모놀로그,코만도 워시드 피그먼트 스웻셔츠 [DGRAY]_SETS041DGRAY,37800,58,34,0,293,0,0,,2024120320,clothes_top
3539913,디미트리블랙,2WAY 헤비웨이트 케이블 니트 후드 집업_오트밀,39800,40,30,0,294,0,9200,,2024120320,clothes_top
4505375,캑터스도넛마켓,CDM Basic Logo Sweater - Black,31600,60,104,0,295,0,0,black,2024120320,clothes_top
3435627,무신사 스탠다드,코튼 리브드 크루 넥 니트 [블랙],39890,20,33,0,296,0,4900,블랙,2024120320,clothes_top
4320382,모즈모즈,[SET] 카오스 코듀로이 오버핏 맨투맨 셋업 오트밀,55800,40,60,0,297,0,0,,2024120320,clothes_top
2144379,게인스보로,[SET] 로럴골든 후드티 조거팬츠 셋업_(8color),79900,38,19,0,298,0,23000,,2024120320,clothes_top
2313388,1993스튜디오,90S 트랙 스웨트셔츠_그레이,55250,35,61,0,299,0,30000,그레이,2024120320,clothes_top
