productId,brandName,productName,price,discountRate,currentlyViewing,currentlyBuying,ranking,trending,totalSales,colors,date,category
2482269,노스페이스,NJ1DQ75A 남성 1996 에코 눕시 자켓_BLACK,399000,0,1200,112,1,0,23000,black,2024120220,outers
3378514,무신사 스탠다드,데일리 푸퍼 숏 패딩 재킷 [블랙],41890,40,1900,239,2,0,36000,블랙,2024120220,outers
2098325,드로우핏,프리미어 퓨어 캐시미어 발마칸 코트 [BLACK],215600,30,991,75,3,0,22000,black,2024120220,outers
4286631,노스페이스,NJ3NQ53A 남성 눕시 온볼 자켓_BLACK,249000,0,771,37,4,0,5700,black,2024120220,outers
4619625,디스이즈네버댓,PERTEX® T Down Jacket,167300,30,1000,109,5,0,6500,,2024120220,outers
2108160,스파오,베이직 퍼플리스 집업_SPFZE4TC01,26900,10,671,114,6,0,230000,,2024120220,outers
2782764,비슬로우,OVERSIZED CASHMERE BALMACAAN COAT BLACK,269250,25,416,37,7,0,13000,black,2024120220,outers
4460716,디스이즈네버댓,PERTEX® T Down Jacket Black,191200,20,115,0,8,0,5400,black,2024120220,outers
3481219,쿠어,벨란디 캐시미어 블렌드 발마칸 코트 (블랙),359100,10,370,34,9,0,8100,블랙,2024120220,outers
2700048,무신사 스탠다드 우먼,우먼즈 캐시미어 블렌드 발마칸 로브 코트 [블랙],178390,15,548,48,10,0,16000,블랙,2024120220,outers
4241903,노스페이스,NJ1DQ80J 화이트라벨 여성 노벨티 눕시 RDS 다운 자켓_BLACK,368000,0,651,0,11,0,2500,black | 화이트,2024120220,outers
3783092,디미트리블랙,[기모선택] ASI 포시즌 에센셜 피그먼트 후드집업_차콜 그레이,30500,40,719,152,12,0,49000,그레이 | 차콜,2024120220,outers
4531994,스파오,베이직 패딩,54522,22,1600,190,13,0,9100,,2024120220,outers
3780728,맨인스토어 프로덕트,남여공용 푸퍼 숏패딩_Black,49900,64,628,79,14,0,10000,black,2024120220,outers
3440439,커스텀어클락,커브드 투웨이 항공 패딩 점퍼 5COLOR COOSJP045,53750,52,673,80,15,0,9800,,2024120220,outers
1778404,토피,2WAY 스웻 후드 집업 (MELANGE GREY),30000,33,284,93,16,0,400000,grey,2024120220,outers
2116411,무신사 스탠다드,캐시미어 블렌드 오버사이즈 발마칸 코트 [블랙],139890,30,324,43,17,0,19000,블랙,2024120220,outers
4605203,노매뉴얼,SKADI DUCK DOWN - GLOSSY BLACK,159360,36,509,38,18,0,2600,black,2024120220,outers
1582142,레프트서울,에비에이터 B-3 무스탕 자켓 [블랙],71000,45,547,60,19,0,14000,블랙,2024120220,outers
4403731,프렌치시크,코스에그 자수 투웨이 니트집업 가디건,17880,40,963,340,20,0,29000,,2024120220,outers
1618313,무신사 스탠다드,캐시미어 블렌드 대디 숄더 싱글 롱 코트 [블랙],113890,40,435,65,21,0,18000,블랙,2024120220,outers
1535333,코드그라피,[DIVO] RDS 유틸리티 덕다운 푸파 숏패딩_4color,64000,56,332,41,22,0,30000,,2024120220,outers
4286964,노스페이스,NJ4FQ50J 화이트라벨 컴피 알파 플리스 집업_BLACK,108000,0,293,0,23,0,4600,black | 화이트,2024120220,outers
2863075,트릴리온,유니섹스 발마칸 더플 숏 코트 (BLACK),64900,50,926,73,24,0,10000,black,2024120220,outers
865862,무신사 스탠다드,캐시미어 블렌드 오버사이즈 싱글 코트 [블랙],103890,35,238,0,25,0,79000,블랙,2024120220,outers
3390508,스탠다드에러,87-STAN009 [비건 스웨이드] 스탠다드 블루종 스웨이드 자켓 블랙,39800,70,438,47,26,0,48000,블랙 | 블루,2024120220,outers
1596800,엄브로,네오 플라이트 숏다운 자켓 블랙(UP421CDJO1),224100,10,229,0,27,0,6100,블랙,2024120220,outers
4452115,쿠어,스탠드 칼라 넥 다운 푸퍼 (블랙),254700,10,292,0,28,0,1600,블랙,2024120220,outers
4469328,커버낫,24FW RDS 씨빅 오리진 숏 푸퍼 블랙,171900,22,219,0,29,0,1800,블랙,2024120220,outers
4515471,라퍼지스토어,유니온 빅 오버 패딩 파카_2COLOR,87900,45,511,40,30,0,3000,,2024120220,outers
4633419,노스페이스,NJ1DQ51J 화이트라벨 노벨티 눕시 RDS 다운 자켓_BLACK,398000,0,989,0,31,0,0,black | 화이트,2024120220,outers
3689454,어반디타입,에센셜 푸퍼 덕다운 숏 패딩_4 Color,65900,56,470,76,32,0,3800,,2024120220,outers
2222924,무신사 스탠다드,롱 다운 벤치 파카 [블랙],143890,20,49,37,33,0,5700,블랙,2024120220,outers
2241553,에스피오나지,ECWCS Level 7 Parka Grey Olive,195300,30,495,0,34,0,3500,grey,2024120220,outers
4241965,스파오,베이직 패쪼_SPJVE4TC01,38920,22,257,0,35,0,7600,,2024120220,outers
4581858,아웃스탠딩,MOUNTAIN DOWN PARKA,140400,40,780,72,36,0,3700,,2024120220,outers
3563303,비슬로우,OVERSIZED CASHMERE BALMACAAN COAT NAVY,269250,25,140,0,37,0,3500,navy,2024120220,outers
655610,드로우핏,프리미어 퓨어 캐시미어 히든 싱글 코트 [BLACK],194600,30,120,0,38,0,34000,black,2024120220,outers
656046,인사일런스,에센셜 다운 자켓 BLACK,115500,30,47,0,39,0,18000,black,2024120220,outers
3585225,키뮤어,[코듀로이 OR 나일론] 덕 다운 헤링턴 다운 점퍼_3COLOR,99900,41,313,0,40,0,4300,,2024120220,outers
2156295,키뮤어,[WOOL 80] 울 세미오버핏 발마칸 코트_블랙,126910,51,450,37,41,0,7000,블랙,2024120220,outers
3604263,노이아고,NOI1067 라이트웨이트 다운 자켓 (블랙),37900,41,462,50,42,0,7100,블랙,2024120220,outers
4446878,캘빈클라인 진,남녀공용 릴렉스핏 숏 푸퍼 J400477 BEH,242190,19,67,0,43,0,1100,,2024120220,outers
3783094,디미트리블랙,[기모선택] ASI 포시즌 에센셜 스웻 후드집업_멜란지,25600,50,344,57,44,0,19000,,2024120220,outers
2153567,뉴발란스,NBNPE41113 / 남여공용 액티브 숏 다운 자켓 (4컬러),299000,0,191,0,45,0,5400,,2024120220,outers
2737014,프리즘웍스,VINCENT M1965 FISHTAIL PARKA 004 _ OLIVE,186150,15,218,0,46,0,6900,,2024120220,outers
4280408,노매뉴얼,AELLA DUCK DOWN - GLOSSY BLACK,179280,28,33,0,47,0,1400,black,2024120220,outers
2037167,스파오,파스텔 푸퍼_SPJPE4TG01,62900,10,824,83,48,0,96000,,2024120220,outers
2801731,블랙야크,아이스제로 레이디 다운자켓 블랙,399200,20,100,0,49,0,3300,블랙,2024120220,outers
4609720,인사일런스,마펠 캐시미어 발마칸 코트 [3_Color],239400,40,686,45,50,0,1700,,2024120220,outers
3583487,쿠어,워터 리펠런트 구스다운 점퍼 (블랙),351000,10,151,0,51,0,2400,블랙,2024120220,outers
3541145,캘빈클라인 진,남녀공용 릴렉스핏 숏 블로킹 다운 푸퍼 J400479 BEH,242190,19,62,0,52,0,1600,,2024120220,outers
912314,무신사 스탠다드,다운 푸퍼 숏 패딩 재킷 [블랙],95890,20,45,0,53,0,39000,블랙,2024120220,outers
4351348,미세키서울,Hoodie long duffle Coat CHARCOAL,198000,0,337,0,54,0,1900,charcoal,2024120220,outers
3395772,무신사 스탠다드,미니멀 후디드 다운 숏 패딩 재킷 [블랙],118890,30,314,0,55,0,2700,블랙,2024120220,outers
3470403,무신사 스탠다드 스포츠,코어 패딩 자켓 (5colors),59940,40,259,32,56,0,19000,,2024120220,outers
4442864,라퍼지스토어,히든 레더 무스탕 점퍼_2COLOR,78000,51,859,40,57,0,2700,,2024120220,outers
4507921,뉴발란스,NBNPE4W102 / WOMEN 액티브 숏 구스다운 (6컬러),299000,0,191,0,58,0,1900,,2024120220,outers
4457974,리,우먼 크롭 숏 다운 블랙,175000,20,155,0,59,0,1200,블랙,2024120220,outers
3378515,무신사 스탠다드,데일리 푸퍼 숏 패딩 재킷 [라이트 그레이],41890,40,295,39,60,0,8900,그레이,2024120220,outers
3616470,필루미네이트,오버핏 심볼 로고 후드 패딩-블랙,43990,51,531,40,61,0,4000,블랙,2024120220,outers
3536770,노이어,크롭 레이어드 푸퍼 자켓 (블랙),219000,50,120,0,62,0,1900,블랙,2024120220,outers
885715,드로우핏,프리미어 퓨어 캐시미어 로브 더블 코트 [BLACK],215600,30,148,0,63,0,10000,black,2024120220,outers
4573427,리,나일론 베이직 다운,99500,50,357,35,64,0,1600,,2024120220,outers
3585220,키뮤어,(덕 다운) 코듀로이 헤링턴 다운 점퍼_카멜,149900,16,133,0,65,0,1600,,2024120220,outers
4600246,도프제이슨,솔리드 무톤 자켓 4 COLOR,109000,45,399,53,66,0,1800,,2024120220,outers
606312,무신사 스탠다드,브이넥 라이트 다운 베스트 [블랙],42390,15,63,0,67,0,150000,블랙,2024120220,outers
2238440,파르티멘토,오버사이즈 멜톤 더플 롱 코트 네이비,92900,40,372,0,68,0,44000,네이비,2024120220,outers
3881570,밀로 아카이브,크롭 무브 가디건 [레드],54000,50,277,39,69,0,4100,,2024120220,outers
4312154,라퍼지스토어,에센셜 라운드 니트 가디건_7COLOR,35900,33,267,36,70,0,9600,,2024120220,outers
4297879,내셔널지오그래픽,N244UDW920 헤론 U넥 경량 다운 점퍼 CARBON BLACK,149000,12,56,0,71,0,1600,black,2024120220,outers
2818896,드로우핏,프리미어 퓨어 캐시미어 발마칸 코트 [D.NAVY],215600,30,172,0,72,0,4100,navy,2024120220,outers
2822486,도프제이슨,하이넥 레더 무톤 자켓 BROWN / BLACK,117500,50,306,0,73,0,6300,black | brown,2024120220,outers
1558197,무신사 스탠다드,릴렉스드 베이식 블레이저 [블랙],69590,15,93,0,74,0,140000,블랙,2024120220,outers
3807577,디미트리블랙,오버핏 바이오 데님 후드 집업_그레이,28900,59,280,44,75,0,7900,그레이,2024120220,outers
452483,도프제이슨,솔리드 무톤 자켓,148000,26,33,0,76,0,44000,,2024120220,outers
4410061,노스페이스,NJ1DQ79F 슈퍼플렉스 눕시 다운 자켓 (RDS)_REAL BLACK,386100,10,124,0,77,0,0,black,2024120220,outers
4605224,노매뉴얼,SKADI DUCK DOWN - MATTE BLACK,159360,36,362,0,78,0,1000,black,2024120220,outers
1684196,어반드레스,유니섹스 프렌치 롱 가운 오버핏 코트 7 COLOR,79000,58,333,31,79,0,7000,,2024120220,outers
947088,무신사 스탠다드,후디드 스웨트 집업 [멜란지 그레이],19990,54,155,49,80,0,88000,그레이,2024120220,outers
4266425,어반디타입,헤비 웰론 배색 후드 숏 패딩_4color,49900,54,438,47,81,0,2200,,2024120220,outers
3618780,오로,울리치 트렌치 맥코트_5Color,129000,50,824,0,82,0,7000,,2024120220,outers
1647181,메종미네드,BLACK DOUBLE LONG GOOSE DOWN,199900,49,180,0,83,0,9200,black,2024120220,outers
1628418,무신사 스탠다드 우먼,우먼즈 캐시미어 블렌드 체스터 롱 코트 [블랙],99690,41,351,35,84,0,4300,블랙,2024120220,outers
3676631,더그린랩,에코퍼 하이넥 무스탕 쟈켓,93992,53,656,41,85,0,3300,,2024120220,outers
3390511,스탠다드에러,87-STAN009 [비건 스웨이드] 스탠다드 블루종 스웨이드 자켓 카키,39800,70,228,33,86,0,40000,블루,2024120220,outers
2985378,레프트서울,에비에이터 B-3 무스탕 자켓 [블랙/화이트],71000,45,347,31,87,0,5100,블랙 | 화이트,2024120220,outers
4432439,지프,M-Logo 레인보우 라벨 하프넥 플리스 집업 2 color (JQ5TZU191),23900,70,317,75,88,0,7800,,2024120220,outers
4457972,리,우먼 크롭 숏 다운 브라운,175000,20,184,0,89,0,1000,브라운,2024120220,outers
4297610,무신사 스탠다드,데일리 푸퍼 미니멀 숏 패딩 재킷 [블랙],71890,10,143,0,90,0,2100,블랙,2024120220,outers
4209266,무신사 스탠다드,울 블렌드 오버사이즈 머프 발마칸 코트 [블랙],127890,20,255,34,91,0,1200,블랙,2024120220,outers
3515648,내셔널지오그래픽,N234UFJ910 코스토니 플리스 뽀글이 후드 집업 WHITE,125300,30,60,0,92,0,2000,white,2024120220,outers
3378508,무신사 스탠다드,립스탑 다운 푸퍼 숏 패딩 재킷 [블랙],77890,40,226,32,93,0,4600,블랙,2024120220,outers
4424968,드로우핏,오버사이즈 라인 무스탕 자켓 [BLACK],135850,35,268,0,94,0,1200,black,2024120220,outers
3481221,쿠어,벨란디 캐시미어 블렌드 발마칸 코트 (신더그레이),359100,10,66,0,95,0,3100,그레이,2024120220,outers
1539383,도프제이슨,솔리드 스웨이드 무톤 자켓 (블랙),148000,26,114,0,96,0,10000,블랙,2024120220,outers
3588413,아디다스,베켄바우어 트랙탑 - 블랙:화이트 / II5763,73990,30,25,0,97,0,7800,블랙 | 화이트,2024120220,outers
3621982,마리떼,CLASSIC LOGO DUCK DOWN PUFFER black,207200,20,46,0,98,0,1300,black,2024120220,outers
4457996,리,베이직 다운 블랙,175000,20,170,0,99,0,0,블랙,2024120220,outers
4290697,타입서비스,Hooded Half Coat [Gray],206400,20,112,0,100,0,0,,2024120220,outers
4351669,미세키서울,Duffle hoodie short coat CHARCOAL,181000,35,199,0,101,0,0,charcoal,2024120220,outers
4508146,내셔널지오그래픽,N244UDW910 레이만 숏기장 다운 점퍼 CARBON BLACK,269000,10,20,0,102,0,0,black,2024120220,outers
1114716,무신사 스탠다드,트랜스폼 라운드 넥 라이트 다운 재킷 [블랙],50890,15,61,0,103,0,33000,블랙,2024120220,outers
4475936,엠엘비,커브 패딩 NY (Black),289000,0,82,0,104,0,0,black,2024120220,outers
4480291,라퍼지스토어,울리치 발마칸 오버 코트_5COLOR,99800,46,325,0,105,0,1600,,2024120220,outers
4289728,더콜디스트모먼트,TCM stripe hooded zip-up (charcoal/black),101150,15,128,0,106,0,3900,black | charcoal,2024120220,outers
3634631,에스피오나지,Insulated Hiking Jacket Grey Olive,192000,25,154,0,107,0,1500,grey,2024120220,outers
4241964,스파오,베이직 롱패딩_SPJPE4VC14,79000,21,93,0,108,0,1900,,2024120220,outers
920520,에프씨엠엠,클럽 팀 풋볼 벤치 롱 패딩 2color,63000,63,65,30,109,0,6700,,2024120220,outers
3600897,디스커버리 익스페디션,여성 켈리 구스다운 롱패딩 (BLACK),570000,0,77,0,110,0,0,black,2024120220,outers
3780896,맨인스토어 프로덕트,남여공용 푸퍼 숏패딩_Gray,49900,64,114,0,111,0,3300,,2024120220,outers
3716632,웬즈데이오아시스,W/M-65 피쉬테일 야상 패딩 코트(3col),87000,53,260,0,112,0,2100,,2024120220,outers
668822,쿠어,MTR 오버핏 더블 롱 코트 (블랙),313200,10,100,0,113,0,19000,블랙,2024120220,outers
4565779,노스페이스,NJ3NQ71A 남성 아스펜 EX 온볼 자켓_BLACK,219000,0,53,0,114,0,0,black,2024120220,outers
4604451,노스페이스,NJ1DQ91A 여성 로프티 RDS 다운 자켓_BLACK,305090,10,94,0,115,0,0,black,2024120220,outers
2145689,플루크,3M신슐레이트 트래블러 퀼팅자켓 FPJ201 / 6color,47500,72,50,0,116,0,16000,,2024120220,outers
1643839,세컨모놀로그,[DUCK DOWN] 몬스터 롱 헤비 다운 파카 3 color_SEJP008,149300,42,108,0,117,0,9000,,2024120220,outers
1674248,브론슨,1950s USAF Type MA-1 Flight Jacket KR Ver. Olive,260780,20,123,0,118,0,1000,,2024120220,outers
1535337,코드그라피,[DIVO] RDS 유틸리티 덕다운 푸파 숏패딩_쿨그레이,64000,56,104,0,119,0,36000,그레이,2024120220,outers
4483087,키뮤어,[WOOL 80] (우먼) 울 세미오버핏 발마칸 로브코트_블랙,185820,28,86,0,120,0,0,블랙,2024120220,outers
4515548,라퍼지스토어,더플 풀 패딩 코트_Charcoal,118000,40,253,0,121,0,1100,charcoal,2024120220,outers
1291017,제멋,리치 오버 MA-1 자켓 블랙 YHJK2269,69700,27,92,0,122,0,76000,블랙,2024120220,outers
2792169,비터셀즈,글로시 크롭 푸퍼 자켓-4 Colors,58860,46,521,38,123,0,12000,,2024120220,outers
2161486,비슬로우,OVERSIZED M65 HOOD SHORT DOWN PARKA BLACK,246750,25,41,0,124,0,5200,black,2024120220,outers
4515504,아웃스탠딩,POLAR GOOSE DOWN PARKA,194400,40,386,0,125,0,1100,,2024120220,outers
2685539,내셔널지오그래픽,N224WDW930 여성 타루가 퍼 트리밍 후디 구스다운 점퍼 CARBON BLACK,151600,60,198,0,126,0,2300,black,2024120220,outers
3905833,아디다스,BB 트랙탑 - 베이지:인디고 / IZ4922,96990,30,110,0,127,0,2300,,2024120220,outers
2206096,인더스트,[ALL리뉴얼.Ver] 오리지널 M65 피시테일 파카_카키,119000,34,142,0,128,0,3800,,2024120220,outers
4521039,마뗑킴,LOGO TAPING PUFFER DOWN JUMPER FOR WOMEN IN BLACK,238400,20,72,0,129,0,0,black,2024120220,outers
4494169,247시리즈,TORAY DELFY™ 구스 다운 점퍼 BLACK,341100,10,84,0,130,0,0,black,2024120220,outers
4553941,오로,언샘블 퍼 레더 하프 코트_2Color,96900,47,462,0,131,0,1100,,2024120220,outers
2737012,프리즘웍스,VINCENT M1965 FISHTAIL PARKA 004 _ BLACK,186150,15,30,0,132,0,3800,black,2024120220,outers
3967536,노스페이스,NV1DQ55A 남성 1996 에코 눕시 베스트_BLACK,269000,0,81,0,133,0,0,black,2024120220,outers
4470740,인템포무드,예티 푸퍼 덕다운 패딩 : 4컬러,152400,40,574,0,134,0,1200,,2024120220,outers
4420185,노스페이스,NJ1DQ79C 슈퍼플렉스 눕시 다운 자켓 (RDS)_NAVY,386100,10,202,0,135,0,0,navy,2024120220,outers
4503687,와키윌리,솔리드 다운 퍼핀 숏푸퍼 블랙,120450,45,130,0,136,0,0,블랙,2024120220,outers
4489823,아디다스,BB 트랙탑 - 다크브라운 / JD5267,96990,30,98,0,137,0,2200,브라운,2024120220,outers
2838103,디미트리블랙,ASI 2WAY 헤비웨이트 푸퍼 패딩 자켓_블랙,31900,65,394,39,138,0,4700,블랙,2024120220,outers
3578658,아디다스,BB 트랙탑 - 마룬 / IN1000,103990,25,101,0,139,0,2200,,2024120220,outers
910127,집시,마스터 구스다운 핑거글러브  숏패딩 -블랙-,199000,43,61,0,140,0,17000,블랙,2024120220,outers
4508023,코드그라피,[24년Ver.] RDS 에센셜 덕다운 푸파 숏패딩_블랙,159210,11,49,0,141,0,0,블랙,2024120220,outers
3575358,코드그라피,(우먼) WAVE 로고 Hype 글로시 컬러링 크롭 푸퍼_6color,36000,67,855,0,142,0,5400,,2024120220,outers
3541141,캘빈클라인 진,남녀공용 릴렉스핏 베이직 숏 푸퍼 J400477,242190,19,88,0,143,0,1900,,2024120220,outers
4479890,드로우핏,미니멀 후론 후드 다운 자켓 [BLACK],147000,30,36,0,144,0,0,black,2024120220,outers
1648072,무신사 스탠다드,구스 다운 푸퍼 숏 패딩 재킷 [블랙],125890,30,118,0,145,0,5700,블랙,2024120220,outers
4297861,내셔널지오그래픽,N244WDW920 여성 헤론 U넥 경량 다운 점퍼 CRYSTAL BEIGE,149000,12,52,0,146,0,0,,2024120220,outers
4297621,무신사 스탠다드,데일리 푸퍼 칼라리스 패딩 재킷 [블랙],35890,40,126,0,147,0,2100,블랙,2024120220,outers
4440511,살로몬,컨투어 다운 자켓 W_LC2581200,420000,0,87,0,148,0,0,,2024120220,outers
3616463,필루미네이트,오버핏 심볼 로고 후드 패딩-그레이,69900,21,132,0,149,0,2300,그레이,2024120220,outers
4502200,노스페이스,NJ1DQ53A 남성 1994 레트로 힘 다운 파카 (RDS 다운)_BLACK,621000,10,35,0,150,0,0,black,2024120220,outers
4417918,패러킷,리버시블 신슐레이트 패디드 점퍼 (챠콜),126300,20,131,0,151,0,0,,2024120220,outers
2825493,드로우핏,프리미어 퓨어 울 발마칸 코트 [MELANGE TAUPE],215600,30,148,0,152,0,1900,,2024120220,outers
4464736,나이키,스포츠웨어 클럽 패딩 자켓 M - 블랙:화이트 / FB7369-010,155350,35,128,0,153,0,0,블랙 | 화이트,2024120220,outers
2156412,키뮤어,쉘블록 2-WAY 보아퍼 숏패딩_블랙,79000,39,269,0,154,0,3200,블랙,2024120220,outers
1576700,도프제이슨,오버핏 비건레더 싱글 자켓,74100,41,17,0,155,0,69000,,2024120220,outers
2758330,디스커버리 익스페디션,여성 레스터G RDS 구스다운 롱패딩 (BLACK),399000,0,53,0,156,0,2800,black,2024120220,outers
4280409,노매뉴얼,AELLA DUCK DOWN - BLACK,179280,28,86,0,157,0,0,black,2024120220,outers
4573430,리,카라리스 미들 다운 자켓,59600,60,338,0,158,0,1400,,2024120220,outers
3824875,맨인스토어 프로덕트,투웨이 커플 숏패딩_Black,49900,64,128,0,159,0,2000,black,2024120220,outers
4498805,레더리,오블리크 스웨이드 무스탕 자켓 [BLACK],113400,30,285,31,160,0,1000,black,2024120220,outers
2653652,무신사 스탠다드 우먼,우먼즈 데일리 푸퍼 리버서블 플리스 숏 패딩 재킷 [크림/크림],53890,40,905,49,161,0,4600,,2024120220,outers
2704962,예일,웜업 퀼팅자켓_블랙,49000,51,126,0,162,0,59000,블랙,2024120220,outers
3541137,캘빈클라인 진,여성 볼륨 넥 크롭 다운 푸퍼 J225572 YBI,242190,19,249,0,163,0,1100,,2024120220,outers
4474775,헨리코튼,[Fly Fishing Club] Waxed ripstop down parka_AZUCW24200NYX,783000,10,22,0,164,0,0,,2024120220,outers
4496942,브라운브레스,LIGHT DOWN HOODIE JUMPER - BLACK,175200,20,176,0,165,0,0,black,2024120220,outers
3635002,커넥트킨록,하이넥 라인 무스탕 자켓 (3Color),159000,45,47,0,166,0,1700,,2024120220,outers
3535181,캘빈클라인 진,여성 숏랭스 스탠드 카라 푸퍼 재킷 J224676 YBI,258390,19,17,0,167,0,2300,,2024120220,outers
4600247,토마스모어,시티 숏 다운 - 블랙,267290,10,115,0,168,0,0,블랙,2024120220,outers
3405535,무신사 스탠다드,울 블렌드 빅 대디 싱글 맥시 코트 [블랙],127390,15,21,0,169,0,1700,블랙,2024120220,outers
4266497,어반디타입,히티트울 발마칸 코트(Wool 60)_블랙,126650,47,57,0,170,0,0,블랙,2024120220,outers
1204448,파르티멘토,3M 신슐레이트 M-65 피시테일 코트 패딩 카키,100500,40,183,0,171,0,36000,,2024120220,outers
4508009,코드그라피,[24년 리뉴얼VER.] RDS 유틸리티 덕다운 후드 숏패딩_블랙,137310,31,164,0,172,0,0,블랙,2024120220,outers
4604316,노스페이스,NC1DQ50A 남성 챌린지 에어 RDS 다운 코트_BLACK,459000,0,39,0,173,0,0,black,2024120220,outers
4522149,오로,부클 하프 울 코트_2Color,119900,45,646,0,174,0,0,,2024120220,outers
3661328,링서울,suede mustang coat-beige,285430,15,145,0,175,0,0,,2024120220,outers
4440503,살로몬,컨투어 다운 자켓 W_LC2581300,420000,0,67,0,176,0,0,,2024120220,outers
3705719,노스페이스,NJ1DQ50A 남성 1996 눕시 에어 다운 자켓_BLACK,399000,0,113,0,177,0,0,black,2024120220,outers
2700049,무신사 스탠다드 우먼,우먼즈 캐시미어 블렌드 발마칸 로브 코트 [미디엄 그레이],178390,15,120,0,178,0,1400,그레이,2024120220,outers
4548961,노스페이스,NJ1DQ86K 화이트라벨 여성 노벨티 눕시 디테쳐블 다운 자켓 (RDS)_BROWN,408000,0,105,0,179,0,0,brown | 화이트,2024120220,outers
3810060,링서울,handmade wool trench coat-black,282480,20,63,0,180,0,0,black,2024120220,outers
2159721,링서울,handmade wool trench coat-camel,282480,20,96,0,181,0,0,,2024120220,outers
4262833,아웃스탠딩,M-65 FISHTAIL PARKA_OLIVE,198400,20,32,0,182,0,0,,2024120220,outers
4264558,아미,레드 하트 로고 가디건 - 블랙 / BFUKC002018009,369990,57,46,0,183,0,0,블랙,2024120220,outers
2794998,쿠어,워터 리펠런트 구스다운 점퍼 (차콜그레이),351000,10,33,0,184,0,0,그레이 | 차콜,2024120220,outers
4581760,티엔지티,EUROPEAN GOOSE 벌룬핏 구스다운 점퍼 (3 Color),181300,30,556,0,185,0,1000,,2024120220,outers
4371357,허그유어스킨,시어링 퍼 자켓 (애쉬 핑크),183200,20,97,0,186,0,0,,2024120220,outers
4262841,아웃스탠딩,PRIMALOFT LEVEL 7 SHORT PARKA_SAGE GREEN,198400,20,121,0,187,0,0,green,2024120220,outers
4498804,레더리,오블리크 스웨이드 무스탕 자켓 [BROWN],113400,30,219,0,188,0,0,brown,2024120220,outers
3771089,아디다스,베켄바우어 트랙탑 - 블랙 / IY8077,67990,35,128,0,189,0,8000,블랙,2024120220,outers
2996683,키뮤어,[24FW] 울(WOOL) 2-WAY 헤링턴 자켓_3COLOR,95400,40,37,0,190,0,7100,,2024120220,outers
4209578,무신사 스탠다드,미니멀 후디드 다운 숏 패딩 재킷 [다크 그레이],144390,15,256,0,191,0,0,그레이,2024120220,outers
4326722,무신사 스탠다드 스포츠,코어 클래식 패딩 자켓 (4colors),71920,20,40,0,192,0,2300,,2024120220,outers
1611799,무신사 스탠다드 우먼,우먼즈 캐시미어 블렌드 더블 체스터 롱 코트 [블랙],161390,15,61,0,193,0,4800,블랙,2024120220,outers
1115974,인사일런스,캐시미어 더블 롱 코트 BLACK,217000,30,47,0,194,0,31000,black,2024120220,outers
4305217,무신사 스탠다드 스포츠,탱커 무브 패딩 자켓 (4color),83940,40,254,0,195,0,1700,,2024120220,outers
4612241,파르티멘토,1950 N2B 밀리터리 숏 파카 블랙,112100,33,232,0,196,0,0,블랙,2024120220,outers
2518452,무신사 스탠다드,캐시미어 블렌드 오버사이즈 발마칸 코트 [네이비],169890,15,76,0,197,0,1700,네이비,2024120220,outers
1108007,무신사 스탠다드,베이식 블레이저 [블랙],49990,37,74,0,198,0,170000,블랙,2024120220,outers
1593755,파르티멘토,[비건 레더] 필드 자켓 블랙,65500,48,73,0,199,0,58000,블랙,2024120220,outers
4499477,키뮤어,[WOOL 80] 울리치 발마칸 로브코트_블랙,146250,44,66,0,200,0,0,블랙,2024120220,outers
3634620,에스피오나지,Insulated Hiking Jacket Black,192000,25,173,0,201,0,0,black,2024120220,outers
4595695,노스페이스,NJ1DQ86A 여성 눕시 숏 자켓_BLACK,369000,0,117,0,202,0,0,black,2024120220,outers
4569353,블랙야크,아이스제로 레이디 다운자켓,299000,40,252,0,203,0,0,,2024120220,outers
2169905,캘빈클라인 진,남성 베이직 에센셜  푸퍼 자켓  J326958 BEH,211500,34,109,0,204,0,2000,,2024120220,outers
4464735,나이키,ACG 써마 핏 ADV 루나 레이크 자켓 M - 라이트 오어우드 브라운:서밋 화이트 / FV8911-104,324000,20,47,0,205,0,0,브라운 | 화이트,2024120220,outers
4542605,데이,글로시 다이애그널 크롭 푸퍼_GLOSSY BLACK,39900,73,305,32,206,0,1500,black,2024120220,outers
3697580,꼼파뇨,[2-WAY] 커브드 블록 니트 집업 블랙,33200,60,61,37,207,0,7900,블랙,2024120220,outers
4438290,마인드브릿지,두굿_[COUTURE]울혼방하프발마칸코트 - 2color MYCA7105,129900,46,138,0,208,0,0,,2024120220,outers
3477392,데상트,2024 롱 캐논 유러피언 구스다운 블랙(SP323SDJ91),469000,0,29,0,209,0,0,블랙,2024120220,outers
3487625,커버낫,리버시블 컴피보아 집업 자켓 아이보리,54900,61,174,0,210,0,1700,,2024120220,outers
4211910,무신사 스탠다드 우먼,우먼즈 캐시미어 블렌드 발마칸 로브 코트 [오트밀],178390,15,135,0,211,0,0,,2024120220,outers
3465162,애프터프레이,리가즈 해링턴 블루종 차콜,254250,25,29,0,212,0,0,블루 | 차콜,2024120220,outers
4383452,노스페이스,NC1DQ51A 남성 액트 프리 EX 하이브리드 다운 코트,287100,10,82,0,213,0,0,,2024120220,outers
2866837,굿라이프웍스,울 블렌드 오버핏 더플 코트 네이비,115000,33,32,0,214,0,4800,네이비,2024120220,outers
3612758,프리즘웍스,KARAKORAM DOWN PARKA 005 _ DARK GREEN,219300,15,98,0,215,0,0,green,2024120220,outers
3553883,쿠어,CWU 리버서블 플라이트 봄버 (블랙),288000,10,56,0,216,0,0,블랙,2024120220,outers
260755,인사일런스,솔리스트 캐시미어 코트 BLACK,186200,30,56,0,217,0,46000,black,2024120220,outers
4242666,스파오,파스텔 푸퍼 (코듀로이)_SPJPE4TG02,71900,10,168,31,218,0,2100,,2024120220,outers
4464347,이알티알,Reversible Hoodie Zip-Up Check Blue,159200,20,148,0,219,0,0,blue,2024120220,outers
4280401,노매뉴얼,DIVISION HOODED DUCK DOWN - BLACK,155720,32,64,0,220,0,0,black,2024120220,outers
3465159,애프터프레이,리가즈 해링턴 블루종 네이비,254250,25,55,0,221,0,0,블루 | 네이비,2024120220,outers
3541079,토피,논 퀼팅 크롭 패딩 점퍼 (BLACK),49900,64,45,0,222,0,2500,black,2024120220,outers
2124214,무신사 스탠다드 우먼,우먼즈 캐시미어 블렌드 핸드메이드 발마칸 로브 코트 [블랙],159890,20,99,0,223,0,4800,블랙,2024120220,outers
3564173,리,코듀로이 숏 패딩 아이보리,125300,30,74,0,224,0,1500,,2024120220,outers
4454885,시티브리즈 우먼,에센셜 시티 크롭 패딩 점퍼_4COLORS,59150,65,721,0,225,0,1600,,2024120220,outers
3599167,디스커버리 익스페디션,여성 올리브 글로우 다운(BLACK),279000,0,90,0,226,0,0,black,2024120220,outers
4483644,더콜디스트모먼트,TCM web raglan light puffer jacket (black),215200,20,102,0,227,0,0,black,2024120220,outers
3422194,무신사 스탠다드 우먼,우먼즈 데일리 푸퍼 숏 패딩 재킷 [블랙],41890,40,356,0,228,0,4300,블랙,2024120220,outers
4297863,내셔널지오그래픽,N244WDW920 여성 헤론 U넥 경량 다운 점퍼 CARBON BLACK,149000,12,15,0,229,0,0,black,2024120220,outers
3590467,오로,글로시 크롭 푸퍼 패딩_3Color,62900,58,532,0,230,0,15000,,2024120220,outers
4280410,노매뉴얼,AELLA DUCK DOWN - BROWN,179280,28,107,0,231,0,0,brown,2024120220,outers
2518456,무신사 스탠다드,캐시미어 블렌드 오버사이즈 발마칸 코트 [미디엄 그레이],169890,15,100,0,232,0,1100,그레이,2024120220,outers
3836128,오로,[SET]데일리 니트 가디건_14Color,59900,67,315,30,233,0,15000,,2024120220,outers
2870818,세터,레체 투 톤 덕 다운 패딩 글리터 그린 브라운,319200,20,61,0,234,0,1300,브라운 | 그린,2024120220,outers
3552585,드로우핏 우먼,소프트 캐시미어 싱글 발마칸 코트 [BLACK],215600,30,131,0,235,0,0,black,2024120220,outers
3583652,쿠어,오버사이즈 알파카 블렌드 더플 코트 (다크그레이멜란지),386100,10,49,0,236,0,0,그레이,2024120220,outers
4350254,세컨모놀로그,더블 어드저스트 버튼 숏 패딩 점퍼 4 color_SEJP005,56300,59,324,32,237,0,1100,,2024120220,outers
4572582,더엣지,24FW 폭스퍼 야상 롱 구스다운 코트,257000,19,188,0,238,0,0,,2024120220,outers
3439979,어반디타입,(패딩or논패딩 선택) 코듀로이 래글런 자켓_네이비,58650,34,43,0,239,0,5200,네이비,2024120220,outers
3602750,예일,007 포켓 숏푸퍼_블랙,53900,55,174,0,240,0,2300,블랙,2024120220,outers
4376737,더블유브이프로젝트,더프 헤링턴 자켓 브라운 JJOT7732,78800,25,63,0,241,0,2900,브라운,2024120220,outers
3564177,리,코듀로이 숏 패딩 블랙,125300,30,44,0,242,0,1700,블랙,2024120220,outers
3465134,애프터프레이,투어리스트 발마칸 코트 네이비,291750,25,96,0,243,0,0,네이비,2024120220,outers
4451771,마리떼,W BASIC DUCK DOWN CROP PUFFER ivory,207200,20,176,0,244,0,0,,2024120220,outers
4632372,예스아이씨,CORDURA® 5B Fond Down Jacket,114500,50,154,0,245,0,0,,2024120220,outers
3585098,키뮤어,[WOOL 80] 울 세미오버핏 더플 코트_네이비,103600,60,184,0,246,0,2500,네이비,2024120220,outers
3346087,무신사 스탠다드 우먼,우먼즈 캐시미어 블렌드 발마칸 로브 코트 [토프],178390,15,101,0,247,0,0,,2024120220,outers
4380452,파르티멘토,알파카 모헤어 니트 노르딕 가디건 블랙,41900,40,201,0,248,0,2000,블랙,2024120220,outers
3378526,무신사 스탠다드,시티 레저 다운 패딩 베스트 [블랙],103890,20,36,0,249,0,3600,블랙,2024120220,outers
4607114,디스커버리 익스페디션,글렌 리버시블 다운 숏패딩 3종 택1,223300,30,198,0,250,0,0,,2024120220,outers
4413238,맨인스토어 프로덕트,남여공용 푸퍼 숏패딩_Glossy,49900,64,154,0,251,0,1300,,2024120220,outers
4369047,프리즘웍스,DESTROYED COWHIDE LEATHER JACKET _ WASHED BLACK,278800,15,86,0,252,0,0,black,2024120220,outers
4242664,스파오,베이직 푸퍼 (코듀로이)_SPJPE4TC12,71900,10,149,0,253,0,1900,,2024120220,outers
4512999,엘무드,그레이웨일 더블 코트 FELTRO 블랙,333000,10,63,0,254,0,0,블랙 | 그레이,2024120220,outers
2285078,코드그라피,[패딩 Ver.] 피쉬테일 레이어드 후드 숏파카_블랙,89900,43,24,0,255,0,8900,블랙,2024120220,outers
4356816,무신사 스탠다드,시티 레저 시어 립스탑 후디드 다운 숏 패딩 재킷 [블랙],167890,20,101,0,256,0,0,블랙,2024120220,outers
2708077,무신사 스탠다드,캐시미어 블렌드 오버사이즈 발마칸 코트 [토프],169890,15,36,0,257,0,1400,,2024120220,outers
3541136,캘빈클라인 진,여성 볼륨 넥 크롭 다운 푸퍼 J225572,242190,19,10,0,258,0,1600,,2024120220,outers
3405552,무신사 스탠다드,울 블렌드 오버사이즈 더플 코트 [네이비],134890,25,47,0,259,0,2600,네이비,2024120220,outers
4483145,오로,헤어리 버튼 울 숏 코트_2Color,97900,43,335,0,260,0,1100,,2024120220,outers
4512998,엘무드,그레이웨일 더블 코트 카키,333000,10,49,0,261,0,0,그레이,2024120220,outers
3656540,어나더 오피스,Voyager Balmacaan Coat (Dark Navy),385200,10,43,0,262,0,0,navy,2024120220,outers
4499775,키뮤어,오버핏 2-WAY 더플 후드 롱패딩_블랙,149890,16,63,0,263,0,0,블랙,2024120220,outers
2098326,드로우핏,프리미어 퓨어 캐시미어 발마칸 코트 [DARK BROWN],215600,30,105,0,264,0,2000,brown,2024120220,outers
4508016,코드그라피,[24년 리뉴얼VER.] RDS 유틸리티 덕다운 푸파 숏패딩_2color,122850,35,101,0,265,0,0,,2024120220,outers
2700050,무신사 스탠다드 우먼,우먼즈 캐시미어 블렌드 발마칸 로브 코트 [다크 브라운],178390,15,131,0,266,0,1100,브라운,2024120220,outers
4422571,러프넥,워싱 레더 무스탕 자켓,152100,10,102,0,267,0,0,,2024120220,outers
2739130,코드그라피,헤비보아 CGP 더플 플리스 점퍼_블랙,68960,27,111,0,268,0,7500,블랙,2024120220,outers
3584973,키뮤어,(우먼) 울(WOOL) 후드 더플 하프 코트_네이비,109890,35,83,0,269,0,1000,네이비,2024120220,outers
4345672,노스페이스,NJ1DQ52J 화이트라벨 프리 무브 RDS 다운 자켓_BLACK,338000,0,90,0,270,0,0,black | 화이트,2024120220,outers
4489845,라퍼지스토어,VTG 쉐르파 데님 워크 자켓_Washed Black,67000,46,423,0,271,0,1000,black,2024120220,outers
3563036,뉴발란스,NBNPE41913 / 남여공용 액티브 라이트 다운 자켓 (4컬러),159000,0,62,0,272,0,2900,,2024120220,outers
2653637,무신사 스탠다드,데일리 푸퍼 리버서블 플리스 숏 패딩 재킷 [블랙/크림],76390,15,17,0,273,0,7000,블랙,2024120220,outers
3671136,아르반,라이트 쉘 패디드 자켓_블랙,103900,45,20,0,274,0,1400,블랙,2024120220,outers
3650974,트릴리온,스웨이드 리벳 블루종 집업 자켓 (BROWN),54900,42,237,0,275,0,4200,brown | 블루,2024120220,outers
3451315,노매뉴얼,SKADI DUCK DOWN - GLOSSY GRAY,159360,36,105,0,276,0,0,,2024120220,outers
4548940,노스페이스,NJ1DQ86L 화이트라벨 여성 노벨티 눕시 디테쳐블 다운 자켓 (RDS)_CREAM,408000,0,117,0,277,0,0,화이트,2024120220,outers
4508006,코드그라피,[24년 리뉴얼VER.] RDS 유틸리티 덕다운 후드 숏패딩_카키,137310,31,115,0,278,0,0,,2024120220,outers
3260637,아디다스,BB 트랙탑 - 스카이블루 / IK9150,96990,30,89,0,279,0,2000,블루,2024120220,outers
4470917,무신사 스탠다드 스포츠,코어 익스트림 패딩 자켓 (3color),83940,40,217,0,280,0,1300,,2024120220,outers
2093254,브이투,465-3 VEGAN LEATHER OVERFIT JACKET_BLACK,42000,53,125,0,281,0,15000,black,2024120220,outers
2351619,쿠어,퍼프 플라이트 MA-1 (블랙),238500,10,37,0,282,0,1800,블랙,2024120220,outers
4460354,엠엘비,여성 크롭 유광 커브 패딩 NY (Black),299000,0,24,0,283,0,0,black,2024120220,outers
4451668,쿠어,미니멀 카라 다운 자켓 (블랙),261000,10,30,0,284,0,0,블랙,2024120220,outers
4419823,밀로 아카이브,크롭 무브 가디건 [네이비],54000,50,202,0,285,0,1200,네이비,2024120220,outers
2782762,비슬로우,OVERSIZED CASHMERE BALMACAAN COAT MELANGE BROWN,269250,25,88,0,286,0,1200,brown,2024120220,outers
4431837,오피쉬,"리치 울 하프 코트, 그레이",209250,25,136,0,287,0,0,그레이,2024120220,outers
4327162,노스페이스,NJ1DQ99A 남성 히말라얀 파카 (RDS 다운)_BLACK,890000,0,21,0,288,0,0,black,2024120220,outers
4548659,노스페이스,NJ1DQ66C 남성 1996 워터 쉴드 눕시 다운 자켓_REAL BLACK,413100,10,28,0,289,0,0,black,2024120220,outers
4350371,쿠어,베지터블 레더 A-2 자켓 (블랙),472500,10,37,0,290,0,0,블랙,2024120220,outers
4470056,수아레,서스테인 발마칸 패딩 코트 - 2 COLOR,109450,45,149,0,291,0,0,,2024120220,outers
4209299,무신사 스탠다드,데일리 발마칸 코트 [블랙],110390,15,87,0,292,0,0,블랙,2024120220,outers
4508986,엠오오,레오파드 아플리케 후드집업 - 브라운,76200,32,84,0,293,0,0,브라운,2024120220,outers
4456849,노스페이스,NJ1DQ64A 남성 오푸스 RDS 다운 자켓_BLACK,383200,20,47,0,294,0,0,black,2024120220,outers
4493677,와일드띵스,와일드띵스 마운틴 필드 패딩 자켓 그라파이트,200760,16,55,0,295,0,0,,2024120220,outers
4476487,오로,울리치 트렌치 맥코트_Oatmeal,158000,39,390,0,296,0,0,,2024120220,outers
3056018,후브스,코튼 투웨이 벌룬 니트 집업 [네이비],44064,50,137,0,297,0,8200,네이비,2024120220,outers
1635197,무신사 스탠다드,캐시미어 20 오버사이즈 싱글 코트 [블랙],183890,20,14,0,298,0,4400,블랙,2024120220,outers
2518455,무신사 스탠다드,캐시미어 블렌드 오버사이즈 발마칸 코트 [차콜 그레이],169890,15,69,0,299,0,1200,그레이 | 차콜,2024120220,outers
2482269,노스페이스,NJ1DQ75A 남성 1996 에코 눕시 자켓_BLACK,399000,0,1100,44,1,0,23000,black,2024120320,outers
3378514,무신사 스탠다드,데일리 푸퍼 숏 패딩 재킷 [블랙],41890,40,2900,396,2,0,37000,블랙,2024120320,outers
2098325,드로우핏,프리미어 퓨어 캐시미어 발마칸 코트 [BLACK],215000,30,1300,166,3,0,22000,black,2024120320,outers
4619625,디스이즈네버댓,PERTEX® T Down Jacket,167300,30,1300,62,4,0,6900,,2024120320,outers
4286631,노스페이스,NJ3NQ53A 남성 눕시 온볼 자켓_BLACK,249000,0,836,0,5,0,5800,black,2024120320,outers
2108160,스파오,베이직 퍼플리스 집업_SPFZE4TC01,26900,10,524,173,6,0,230000,,2024120320,outers
2782764,비슬로우,OVERSIZED CASHMERE BALMACAAN COAT BLACK,269250,25,569,54,7,0,13000,black,2024120320,outers
4531994,스파오,베이직 패딩,54522,22,2000,300,8,0,10000,,2024120320,outers
2700048,무신사 스탠다드 우먼,우먼즈 캐시미어 블렌드 발마칸 로브 코트 [블랙],178390,15,450,44,9,0,16000,블랙,2024120320,outers
3783092,디미트리블랙,[기모선택] ASI 포시즌 에센셜 피그먼트 후드집업_차콜 그레이,30500,40,1900,163,10,0,50000,그레이 | 차콜,2024120320,outers
3481219,쿠어,벨란디 캐시미어 블렌드 발마칸 코트 (블랙),359100,10,563,50,11,0,8200,블랙,2024120320,outers
4241903,노스페이스,NJ1DQ80J 화이트라벨 여성 노벨티 눕시 RDS 다운 자켓_BLACK,368000,0,729,0,12,0,2600,black | 화이트,2024120320,outers
4460716,디스이즈네버댓,PERTEX® T Down Jacket Black,191200,20,404,0,13,0,5400,black,2024120320,outers
3780728,맨인스토어 프로덕트,남여공용 푸퍼 숏패딩_Black,49900,64,739,102,14,0,11000,black,2024120320,outers
4327173,노스페이스,NC1DQ50J 화이트라벨 액션 프리 RDS 다운 코트_BLACK,358000,0,475,40,15,0,2400,black | 화이트,2024120320,outers
3440439,커스텀어클락,커브드 투웨이 항공 패딩 점퍼 5COLOR COOSJP045,53750,52,674,68,16,0,10000,,2024120320,outers
4403731,프렌치시크,코스에그 자수 투웨이 니트집업 가디건,17880,40,1100,344,17,0,32000,,2024120320,outers
4605203,노매뉴얼,SKADI DUCK DOWN - GLOSSY BLACK,159360,36,697,74,18,0,2800,black,2024120320,outers
2116411,무신사 스탠다드,캐시미어 블렌드 오버사이즈 발마칸 코트 [블랙],139890,30,449,60,19,0,19000,블랙,2024120320,outers
1778404,토피,2WAY 스웻 후드 집업 (MELANGE GREY),30000,33,370,114,20,0,400000,grey,2024120320,outers
1618313,무신사 스탠다드,캐시미어 블렌드 대디 숄더 싱글 롱 코트 [블랙],113890,40,415,60,21,0,18000,블랙,2024120320,outers
1582142,레프트서울,에비에이터 B-3 무스탕 자켓 [블랙],71000,45,600,67,22,0,14000,블랙,2024120320,outers
2863075,트릴리온,유니섹스 발마칸 더플 숏 코트 (BLACK),64900,50,974,104,23,0,11000,black,2024120320,outers
1535333,코드그라피,[DIVO] RDS 유틸리티 덕다운 푸파 숏패딩_4color,64000,56,356,0,24,0,30000,,2024120320,outers
4286964,노스페이스,NJ4FQ50J 화이트라벨 컴피 알파 플리스 집업_BLACK,108000,0,316,33,25,0,4700,black | 화이트,2024120320,outers
865862,무신사 스탠다드,캐시미어 블렌드 오버사이즈 싱글 코트 [블랙],103890,35,330,52,26,0,79000,블랙,2024120320,outers
4633419,노스페이스,NJ1DQ51J 화이트라벨 노벨티 눕시 RDS 다운 자켓_BLACK,398000,0,1200,45,27,0,0,black | 화이트,2024120320,outers
3689454,어반디타입,에센셜 푸퍼 덕다운 숏 패딩_4 Color,65900,56,444,83,28,0,4100,,2024120320,outers
1596800,엄브로,네오 플라이트 숏다운 자켓 블랙(UP421CDJO1),224100,10,239,30,29,0,6200,블랙,2024120320,outers
4469328,커버낫,24FW RDS 씨빅 오리진 숏 푸퍼 블랙,171900,22,329,0,30,0,1900,블랙,2024120320,outers
3390508,스탠다드에러,87-STAN009 [비건 스웨이드] 스탠다드 블루종 스웨이드 자켓 블랙,39800,70,539,64,31,0,48000,블랙 | 블루,2024120320,outers
2222924,무신사 스탠다드,롱 다운 벤치 파카 [블랙],143890,20,46,0,32,0,5900,블랙,2024120320,outers
2241553,에스피오나지,ECWCS Level 7 Parka Grey Olive,223000,20,339,0,33,0,3600,grey,2024120320,outers
2156295,키뮤어,[WOOL 80] 울 세미오버핏 발마칸 코트_블랙,126910,51,640,42,34,0,7300,블랙,2024120320,outers
4452115,쿠어,스탠드 칼라 넥 다운 푸퍼 (블랙),254700,10,211,0,35,0,1600,블랙,2024120320,outers
4515471,라퍼지스토어,유니온 빅 오버 패딩 파카_2COLOR,87900,45,488,40,36,0,3100,,2024120320,outers
4241965,스파오,베이직 패쪼_SPJVE4TC01,38920,22,334,67,37,0,7900,,2024120320,outers
656046,인사일런스,에센셜 다운 자켓 BLACK,115500,30,185,0,38,0,18000,black,2024120320,outers
3783094,디미트리블랙,[기모선택] ASI 포시즌 에센셜 스웻 후드집업_멜란지,25600,50,529,113,39,0,19000,,2024120320,outers
4581858,아웃스탠딩,MOUNTAIN DOWN PARKA,140400,40,762,0,40,0,3700,,2024120320,outers
655610,드로우핏,프리미어 퓨어 캐시미어 히든 싱글 코트 [BLACK],194000,30,253,0,41,0,34000,black,2024120320,outers
3563303,비슬로우,OVERSIZED CASHMERE BALMACAAN COAT NAVY,269250,25,190,0,42,0,3500,navy,2024120320,outers
4609720,인사일런스,마펠 캐시미어 발마칸 코트 [3_Color],239400,40,716,65,43,0,1900,,2024120320,outers
3604263,노이아고,NOI1067 라이트웨이트 다운 자켓 (블랙),37900,41,506,51,44,0,7200,블랙,2024120320,outers
2037167,스파오,파스텔 푸퍼_SPJPE4TG01,62900,10,742,85,45,0,96000,,2024120320,outers
3585225,키뮤어,[코듀로이 OR 나일론] 덕 다운 헤링턴 다운 점퍼_3COLOR,99900,41,361,0,46,0,4200,,2024120320,outers
3395772,무신사 스탠다드,미니멀 후디드 다운 숏 패딩 재킷 [블랙],144390,15,286,46,47,0,2800,블랙,2024120320,outers
3583487,쿠어,워터 리펠런트 구스다운 점퍼 (블랙),351000,10,260,0,48,0,2400,블랙,2024120320,outers
912314,무신사 스탠다드,다운 푸퍼 숏 패딩 재킷 [블랙],95890,20,128,0,49,0,39000,블랙,2024120320,outers
2737014,프리즘웍스,VINCENT M1965 FISHTAIL PARKA 004 _ OLIVE,186150,15,318,0,50,0,7000,,2024120320,outers
4600246,도프제이슨,솔리드 무톤 자켓 4 COLOR,109000,45,539,76,51,0,2100,,2024120320,outers
4280408,노매뉴얼,AELLA DUCK DOWN - GLOSSY BLACK,179280,28,123,0,52,0,1400,black,2024120320,outers
3378515,무신사 스탠다드,데일리 푸퍼 숏 패딩 재킷 [라이트 그레이],41890,40,431,55,53,0,9100,그레이,2024120320,outers
4351348,미세키서울,Hoodie long duffle Coat CHARCOAL,188100,5,495,30,54,0,2100,charcoal,2024120320,outers
4573427,리,나일론 베이직 다운,99500,50,452,38,55,0,1900,,2024120320,outers
3470403,무신사 스탠다드 스포츠,코어 패딩 자켓 (5colors),59940,40,251,57,56,0,19000,,2024120320,outers
4442864,라퍼지스토어,히든 레더 무스탕 점퍼_2COLOR,78000,51,868,47,57,0,2800,,2024120320,outers
2801731,블랙야크,아이스제로 레이디 다운자켓 블랙,399200,20,164,0,58,0,3300,블랙,2024120320,outers
4457974,리,우먼 크롭 숏 다운 블랙,175000,20,168,0,59,0,1300,블랙,2024120320,outers
2153567,뉴발란스,NBNPE41113 / 남여공용 액티브 숏 다운 자켓 (4컬러),299000,0,212,0,60,0,5400,,2024120320,outers
4073444,노스페이스,NJ3NQ51A 남성 마리온 온볼 자켓_BLACK,175190,20,424,0,61,0,1500,black,2024120320,outers
3616470,필루미네이트,오버핏 심볼 로고 후드 패딩-블랙,43990,51,704,57,62,0,4200,블랙,2024120320,outers
885715,드로우핏,프리미어 퓨어 캐시미어 로브 더블 코트 [BLACK],215500,30,247,60,63,0,11000,black,2024120320,outers
3881570,밀로 아카이브,크롭 무브 가디건 [레드],54000,50,337,57,64,0,4300,,2024120320,outers
3807577,디미트리블랙,오버핏 바이오 데님 후드 집업_그레이,28900,59,422,100,65,0,8200,그레이,2024120320,outers
4464736,나이키,스포츠웨어 클럽 패딩 자켓 M - 블랙:화이트 / FB7369-010,215100,10,214,0,66,0,0,블랙 | 화이트,2024120320,outers
2822486,도프제이슨,하이넥 레더 무톤 자켓 BROWN / BLACK,117500,50,358,37,67,0,6400,black | brown,2024120320,outers
2238440,파르티멘토,오버사이즈 멜톤 더플 롱 코트 네이비,92900,40,407,0,68,0,44000,네이비,2024120320,outers
4266425,어반디타입,헤비 웰론 배색 후드 숏 패딩_4color,49900,54,557,79,69,0,2500,,2024120320,outers
606312,무신사 스탠다드,브이넥 라이트 다운 베스트 [블랙],42390,15,74,0,70,0,150000,블랙,2024120320,outers
4312154,라퍼지스토어,에센셜 라운드 니트 가디건_7COLOR,35900,33,272,41,71,0,9800,,2024120320,outers
3585220,키뮤어,(덕 다운) 코듀로이 헤링턴 다운 점퍼_카멜,149900,16,83,0,72,0,1600,,2024120320,outers
3676631,더그린랩,에코퍼 하이넥 무스탕 쟈켓,93992,53,673,47,73,0,3500,,2024120320,outers
947088,무신사 스탠다드,후디드 스웨트 집업 [멜란지 그레이],19990,54,177,65,74,0,88000,그레이,2024120320,outers
2818896,드로우핏,프리미어 퓨어 캐시미어 발마칸 코트 [D.NAVY],215500,30,222,42,75,0,4100,navy,2024120320,outers
1628418,무신사 스탠다드 우먼,우먼즈 캐시미어 블렌드 체스터 롱 코트 [블랙],144390,15,344,31,76,0,4400,블랙,2024120320,outers
4605224,노매뉴얼,SKADI DUCK DOWN - MATTE BLACK,159360,36,478,44,77,0,1100,black,2024120320,outers
1684196,어반드레스,유니섹스 프렌치 롱 가운 오버핏 코트 7 COLOR,79000,58,349,0,78,0,7100,,2024120320,outers
1558197,무신사 스탠다드,릴렉스드 베이식 블레이저 [블랙],69590,15,113,0,79,0,140000,블랙,2024120320,outers
4507921,뉴발란스,NBNPE4W102 / WOMEN 액티브 숏 구스다운 (6컬러),299000,0,535,0,80,0,2000,,2024120320,outers
4432439,지프,M-Logo 레인보우 라벨 하프넥 플리스 집업 2 color (JQ5TZU191),23900,70,403,95,81,0,8300,,2024120320,outers
4410061,노스페이스,NJ1DQ79F 슈퍼플렉스 눕시 다운 자켓 (RDS)_REAL BLACK,386100,10,204,0,82,0,0,black,2024120320,outers
3378508,무신사 스탠다드,립스탑 다운 푸퍼 숏 패딩 재킷 [블랙],77890,40,328,59,83,0,4800,블랙,2024120320,outers
4209266,무신사 스탠다드,울 블렌드 오버사이즈 머프 발마칸 코트 [블랙],127890,20,178,0,84,0,1200,블랙,2024120320,outers
3618780,오로,울리치 트렌치 맥코트_5Color,129000,50,866,0,85,0,7100,,2024120320,outers
4297879,내셔널지오그래픽,N244UDW920 헤론 U넥 경량 다운 점퍼 CARBON BLACK,169000,0,60,0,86,0,1600,black,2024120320,outers
3390511,스탠다드에러,87-STAN009 [비건 스웨이드] 스탠다드 블루종 스웨이드 자켓 카키,39800,70,295,44,87,0,40000,블루,2024120320,outers
1647181,메종미네드,BLACK DOUBLE LONG GOOSE DOWN,199900,49,237,0,88,0,9300,black,2024120320,outers
452483,도프제이슨,솔리드 무톤 자켓,148000,26,77,0,89,0,44000,,2024120320,outers
2985378,레프트서울,에비에이터 B-3 무스탕 자켓 [블랙/화이트],71000,45,314,33,90,0,5200,블랙 | 화이트,2024120320,outers
4457972,리,우먼 크롭 숏 다운 브라운,175000,20,173,0,91,0,1100,브라운,2024120320,outers
4424968,드로우핏,오버사이즈 라인 무스탕 자켓 [BLACK],135750,35,221,0,92,0,1200,black,2024120320,outers
1539383,도프제이슨,솔리드 스웨이드 무톤 자켓 (블랙),148000,26,104,0,93,0,10000,블랙,2024120320,outers
4457996,리,베이직 다운 블랙,175000,20,189,0,94,0,0,블랙,2024120320,outers
3481221,쿠어,벨란디 캐시미어 블렌드 발마칸 코트 (신더그레이),359100,10,237,0,95,0,3200,그레이,2024120320,outers
3515648,내셔널지오그래픽,N234UFJ910 코스토니 플리스 뽀글이 후드 집업 WHITE,125300,30,89,0,96,0,2000,white,2024120320,outers
4518081,노스페이스,NJ1DQ52A 남성 펠릭스 RDS 다운 자켓_BLACK,395090,10,86,0,97,0,0,black,2024120320,outers
2792169,비터셀즈,글로시 크롭 푸퍼 자켓-4 Colors,58860,46,578,35,98,0,12000,,2024120320,outers
4289728,더콜디스트모먼트,TCM stripe hooded zip-up (charcoal/black),101150,15,135,0,99,0,4000,black | charcoal,2024120320,outers
3588413,아디다스,베켄바우어 트랙탑 - 블랙:화이트 / II5763,73990,30,130,0,100,0,7800,블랙 | 화이트,2024120320,outers
4241964,스파오,베이직 롱패딩_SPJPE4VC14,79000,21,148,0,101,0,2000,,2024120320,outers
3621982,마리떼,CLASSIC LOGO DUCK DOWN PUFFER black,207200,20,232,0,102,0,1400,black,2024120320,outers
4351669,미세키서울,Duffle hoodie short coat CHARCOAL,181000,35,235,0,103,0,0,charcoal,2024120320,outers
1114716,무신사 스탠다드,트랜스폼 라운드 넥 라이트 다운 재킷 [블랙],50890,15,22,0,104,0,33000,블랙,2024120320,outers
920520,에프씨엠엠,클럽 팀 풋볼 벤치 롱 패딩 2color,63000,63,252,36,105,0,6900,,2024120320,outers
4508146,내셔널지오그래픽,N244UDW910 레이만 숏기장 다운 점퍼 CARBON BLACK,269100,10,100,0,106,0,0,black,2024120320,outers
4297610,무신사 스탠다드,데일리 푸퍼 미니멀 숏 패딩 재킷 [블랙],71890,10,140,0,107,0,2100,블랙,2024120320,outers
3716632,웬즈데이오아시스,W/M-65 피쉬테일 야상 패딩 코트(3col),87000,53,458,43,108,0,2200,,2024120320,outers
4553941,오로,언샘블 퍼 레더 하프 코트_2Color,96900,47,652,31,109,0,1200,,2024120320,outers
4480291,라퍼지스토어,울리치 발마칸 오버 코트_5COLOR,99800,46,327,0,110,0,1600,,2024120320,outers
3634631,에스피오나지,Insulated Hiking Jacket Grey Olive,217600,15,180,0,111,0,1500,grey,2024120320,outers
4475936,엠엘비,커브 패딩 NY (Black),289000,0,125,0,112,0,0,black,2024120320,outers
3780896,맨인스토어 프로덕트,남여공용 푸퍼 숏패딩_Gray,49900,64,168,0,113,0,3300,,2024120320,outers
4604451,노스페이스,NJ1DQ91A 여성 로프티 RDS 다운 자켓_BLACK,305090,10,124,0,114,0,0,black,2024120320,outers
3600897,디스커버리 익스페디션,여성 켈리 구스다운 롱패딩 (BLACK),570000,0,74,0,115,0,0,black,2024120320,outers
2838103,디미트리블랙,ASI 2WAY 헤비웨이트 푸퍼 패딩 자켓_블랙,31900,65,563,65,116,0,5000,블랙,2024120320,outers
1643839,세컨모놀로그,[DUCK DOWN] 몬스터 롱 헤비 다운 파카 3 color_SEJP008,149300,42,162,0,117,0,9100,,2024120320,outers
4521039,마뗑킴,LOGO TAPING PUFFER DOWN JUMPER FOR WOMEN IN BLACK,238400,20,200,0,118,0,0,black,2024120320,outers
668822,쿠어,MTR 오버핏 더블 롱 코트 (블랙),313200,10,41,0,119,0,19000,블랙,2024120320,outers
4483087,키뮤어,[WOOL 80] (우먼) 울 세미오버핏 발마칸 로브코트_블랙,185820,28,131,0,120,0,0,블랙,2024120320,outers
2145689,플루크,3M신슐레이트 트래블러 퀼팅자켓 FPJ201 / 6color,47500,72,65,0,121,0,16000,,2024120320,outers
2653652,무신사 스탠다드 우먼,우먼즈 데일리 푸퍼 리버서블 플리스 숏 패딩 재킷 [크림/크림],53890,40,900,52,122,0,4800,,2024120320,outers
4515548,라퍼지스토어,더플 풀 패딩 코트_Charcoal,118000,40,291,0,123,0,1100,charcoal,2024120320,outers
2206096,인더스트,[ALL리뉴얼.Ver] 오리지널 M65 피시테일 파카_카키,119000,34,79,0,124,0,3900,,2024120320,outers
1535337,코드그라피,[DIVO] RDS 유틸리티 덕다운 푸파 숏패딩_쿨그레이,64000,56,114,0,125,0,36000,그레이,2024120320,outers
3905833,아디다스,BB 트랙탑 - 베이지:인디고 / IZ4922,96990,30,115,0,126,0,2300,,2024120320,outers
2161486,비슬로우,OVERSIZED M65 HOOD SHORT DOWN PARKA BLACK,246750,25,114,0,127,0,5300,black,2024120320,outers
4565779,노스페이스,NJ3NQ71A 남성 아스펜 EX 온볼 자켓_BLACK,219000,0,54,0,128,0,0,black,2024120320,outers
4503687,와키윌리,솔리드 다운 퍼핀 숏푸퍼 블랙,120450,45,152,0,129,0,0,블랙,2024120320,outers
4297621,무신사 스탠다드,데일리 푸퍼 칼라리스 패딩 재킷 [블랙],35890,40,154,0,130,0,2200,블랙,2024120320,outers
1291017,제멋,리치 오버 MA-1 자켓 블랙 YHJK2269,69700,27,77,0,131,0,76000,블랙,2024120320,outers
4494169,247시리즈,TORAY DELFY™ 구스 다운 점퍼 BLACK,341100,10,256,0,132,0,0,black,2024120320,outers
2156412,키뮤어,쉘블록 2-WAY 보아퍼 숏패딩_블랙,79000,39,416,34,133,0,3400,블랙,2024120320,outers
4489823,아디다스,BB 트랙탑 - 다크브라운 / JD5267,96990,30,154,0,134,0,2200,브라운,2024120320,outers
3967536,노스페이스,NV1DQ55A 남성 1996 에코 눕시 베스트_BLACK,269000,0,66,0,135,0,0,black,2024120320,outers
2737012,프리즘웍스,VINCENT M1965 FISHTAIL PARKA 004 _ BLACK,186150,15,91,0,136,0,3800,black,2024120320,outers
3578658,아디다스,BB 트랙탑 - 마룬 / IN1000,103990,25,74,0,137,0,2300,,2024120320,outers
1648072,무신사 스탠다드,구스 다운 푸퍼 숏 패딩 재킷 [블랙],125890,30,119,0,138,0,5800,블랙,2024120320,outers
4479890,드로우핏,미니멀 후론 후드 다운 자켓 [BLACK],146900,30,127,0,139,0,0,black,2024120320,outers
4420185,노스페이스,NJ1DQ79C 슈퍼플렉스 눕시 다운 자켓 (RDS)_NAVY,386100,10,218,0,140,0,0,navy,2024120320,outers
4548931,노스페이스,NJ1DQ85K 화이트라벨 여성 노벨티 눕시 RDS 다운 자켓_WHITE,368000,0,282,0,141,0,0,white | 화이트,2024120320,outers
4470740,인템포무드,예티 푸퍼 덕다운 패딩 : 4컬러,152400,40,710,34,142,0,1400,,2024120320,outers
910127,집시,마스터 구스다운 핑거글러브  숏패딩 -블랙-,199000,43,62,0,143,0,17000,블랙,2024120320,outers
4498805,레더리,오블리크 스웨이드 무스탕 자켓 [BLACK],113400,30,184,0,144,0,1100,black,2024120320,outers
4573430,리,카라리스 미들 다운 자켓,59600,60,362,0,145,0,1500,,2024120320,outers
4496942,브라운브레스,LIGHT DOWN HOODIE JUMPER - BLACK,175200,20,206,0,146,0,0,black,2024120320,outers
3541141,캘빈클라인 진,남녀공용 릴렉스핏 베이직 숏 푸퍼 J400477,242190,19,147,0,147,0,1900,,2024120320,outers
3575358,코드그라피,(우먼) WAVE 로고 Hype 글로시 컬러링 크롭 푸퍼_6color,36000,67,801,0,148,0,5500,,2024120320,outers
4417918,패러킷,리버시블 신슐레이트 패디드 점퍼 (챠콜),126300,20,80,0,149,0,0,,2024120320,outers
3616463,필루미네이트,오버핏 심볼 로고 후드 패딩-그레이,69900,21,166,0,150,0,2300,그레이,2024120320,outers
2825493,드로우핏,프리미어 퓨어 울 발마칸 코트 [MELANGE TAUPE],215500,30,192,0,151,0,1900,,2024120320,outers
3635002,커넥트킨록,하이넥 라인 무스탕 자켓 (3Color),159000,45,160,0,152,0,1800,,2024120320,outers
4508023,코드그라피,[24년Ver.] RDS 에센셜 덕다운 푸파 숏패딩_블랙,159210,11,147,0,153,0,0,블랙,2024120320,outers
2758330,디스커버리 익스페디션,여성 레스터G RDS 구스다운 롱패딩 (BLACK),399000,0,20,0,154,0,2800,black,2024120320,outers
4297861,내셔널지오그래픽,N244WDW920 여성 헤론 U넥 경량 다운 점퍼 CRYSTAL BEIGE,169000,0,15,0,155,0,0,,2024120320,outers
3824875,맨인스토어 프로덕트,투웨이 커플 숏패딩_Black,49900,64,189,0,156,0,2100,black,2024120320,outers
4280409,노매뉴얼,AELLA DUCK DOWN - BLACK,179280,28,83,0,157,0,0,black,2024120320,outers
4502200,노스페이스,NJ1DQ53A 남성 1994 레트로 힘 다운 파카 (RDS 다운)_BLACK,621000,10,44,0,158,0,0,black,2024120320,outers
4600247,토마스모어,시티 숏 다운 - 블랙,267290,10,91,0,159,0,0,블랙,2024120320,outers
4522149,오로,부클 하프 울 코트_2Color,119900,45,637,0,160,0,0,,2024120320,outers
4542605,데이,글로시 다이애그널 크롭 푸퍼_GLOSSY BLACK,39900,73,512,65,161,0,1700,black,2024120320,outers
3405535,무신사 스탠다드,울 블렌드 빅 대디 싱글 맥시 코트 [블랙],127390,15,57,0,162,0,1700,블랙,2024120320,outers
1576700,도프제이슨,오버핏 비건레더 싱글 자켓,74100,41,61,0,163,0,69000,,2024120320,outers
3697580,꼼파뇨,[2-WAY] 커브드 블록 니트 집업 블랙,33200,60,209,42,164,0,8100,블랙,2024120320,outers
4350254,세컨모놀로그,더블 어드저스트 버튼 숏 패딩 점퍼 4 color_SEJP005,56300,59,523,50,165,0,1300,,2024120320,outers
2704962,예일,웜업 퀼팅자켓_블랙,49000,51,131,0,166,0,59000,블랙,2024120320,outers
3541137,캘빈클라인 진,여성 볼륨 넥 크롭 다운 푸퍼 J225572 YBI,242190,19,160,0,167,0,1100,,2024120320,outers
2700049,무신사 스탠다드 우먼,우먼즈 캐시미어 블렌드 발마칸 로브 코트 [미디엄 그레이],178390,15,94,0,168,0,1500,그레이,2024120320,outers
3705719,노스페이스,NJ1DQ50A 남성 1996 눕시 에어 다운 자켓_BLACK,399000,0,184,0,169,0,0,black,2024120320,outers
4266497,어반디타입,히티트울 발마칸 코트(Wool 60)_블랙,126650,47,43,0,170,0,0,블랙,2024120320,outers
4383452,노스페이스,NC1DQ51A 남성 액트 프리 EX 하이브리드 다운 코트,287100,10,176,0,171,0,0,,2024120320,outers
4440511,살로몬,컨투어 다운 자켓 W_LC2581200,420000,0,121,0,172,0,0,,2024120320,outers
4604316,노스페이스,NC1DQ50A 남성 챌린지 에어 RDS 다운 코트_BLACK,459000,0,28,0,173,0,0,black,2024120320,outers
4508009,코드그라피,[24년 리뉴얼VER.] RDS 유틸리티 덕다운 후드 숏패딩_블랙,137310,31,172,0,174,0,0,블랙,2024120320,outers
3836128,오로,[SET]데일리 니트 가디건_14Color,59900,67,224,0,175,0,16000,,2024120320,outers
1204448,파르티멘토,3M 신슐레이트 M-65 피시테일 코트 패딩 카키,100500,40,236,0,176,0,36000,,2024120320,outers
4572582,더엣지,24FW 폭스퍼 야상 롱 구스다운 코트,257000,19,267,0,177,0,0,,2024120320,outers
3810060,링서울,handmade wool trench coat-black,282480,20,39,0,178,0,0,black,2024120320,outers
3771089,아디다스,베켄바우어 트랙탑 - 블랙 / IY8077,67990,35,182,31,179,0,8100,블랙,2024120320,outers
3661328,링서울,suede mustang coat-beige,285430,15,123,0,180,0,0,,2024120320,outers
4209578,무신사 스탠다드,미니멀 후디드 다운 숏 패딩 재킷 [다크 그레이],144390,15,280,0,181,0,0,그레이,2024120320,outers
2794998,쿠어,워터 리펠런트 구스다운 점퍼 (차콜그레이),351000,10,73,0,182,0,0,그레이 | 차콜,2024120320,outers
4581760,티엔지티,EUROPEAN GOOSE 벌룬핏 구스다운 점퍼 (3 Color),181300,30,512,0,183,0,1100,,2024120320,outers
3535181,캘빈클라인 진,여성 숏랭스 스탠드 카라 푸퍼 재킷 J224676 YBI,258390,19,63,0,184,0,2300,,2024120320,outers
4595695,노스페이스,NJ1DQ86A 여성 눕시 숏 자켓_BLACK,369000,0,153,0,185,0,0,black,2024120320,outers
4483974,나이키,스포츠웨어 클럽  패딩 베스트 M - 블랙:화이트 / FB7374-010,170100,10,37,0,186,0,0,블랙 | 화이트,2024120320,outers
4305217,무신사 스탠다드 스포츠,탱커 무브 패딩 자켓 (4color),83940,40,305,0,187,0,1800,,2024120320,outers
2159721,링서울,handmade wool trench coat-camel,282480,20,80,0,188,0,0,,2024120320,outers
4242666,스파오,파스텔 푸퍼 (코듀로이)_SPJPE4TG02,71900,10,134,45,189,0,2300,,2024120320,outers
4464735,나이키,ACG 써마 핏 ADV 루나 레이크 자켓 M - 라이트 오어우드 브라운:서밋 화이트 / FV8911-104,324000,20,115,0,190,0,0,브라운 | 화이트,2024120320,outers
4612241,파르티멘토,1950 N2B 밀리터리 숏 파카 블랙,112100,33,212,0,191,0,0,블랙,2024120320,outers
4498804,레더리,오블리크 스웨이드 무스탕 자켓 [BROWN],113400,30,223,0,192,0,0,brown,2024120320,outers
4286590,노스페이스,NJ1DQ75F 남성 1996 에코 눕시 자켓_BROWN,399000,0,107,0,193,0,0,brown,2024120320,outers
1611799,무신사 스탠다드 우먼,우먼즈 캐시미어 블렌드 더블 체스터 롱 코트 [블랙],161390,15,69,0,194,0,4900,블랙,2024120320,outers
3422194,무신사 스탠다드 우먼,우먼즈 데일리 푸퍼 숏 패딩 재킷 [블랙],41890,40,452,30,195,0,4400,블랙,2024120320,outers
4464347,이알티알,Reversible Hoodie Zip-Up Check Blue,159200,20,107,0,196,0,0,blue,2024120320,outers
3612758,프리즘웍스,KARAKORAM DOWN PARKA 005 _ DARK GREEN,219300,15,56,0,197,0,0,green,2024120320,outers
4264558,아미,레드 하트 로고 가디건 - 블랙 / BFUKC002018009,369990,57,52,0,198,0,0,블랙,2024120320,outers
2169905,캘빈클라인 진,남성 베이직 에센셜  푸퍼 자켓  J326958 BEH,211500,34,25,0,199,0,2000,,2024120320,outers
1593755,파르티멘토,[비건 레더] 필드 자켓 블랙,65500,48,59,0,200,0,58000,블랙,2024120320,outers
1108007,무신사 스탠다드,베이식 블레이저 [블랙],49990,37,26,0,201,0,170000,블랙,2024120320,outers
4438290,마인드브릿지,두굿_[COUTURE]울혼방하프발마칸코트 - 2color MYCA7105,129900,46,203,0,202,0,0,,2024120320,outers
3634620,에스피오나지,Insulated Hiking Jacket Black,217600,15,146,0,203,0,0,black,2024120320,outers
3590467,오로,글로시 크롭 푸퍼 패딩_3Color,62900,58,581,0,204,0,15000,,2024120320,outers
2866837,굿라이프웍스,울 블렌드 오버핏 더플 코트 네이비,115000,33,46,0,205,0,4800,네이비,2024120320,outers
3487625,커버낫,리버시블 컴피보아 집업 자켓 아이보리,54900,61,158,0,206,0,1700,,2024120320,outers
2124214,무신사 스탠다드 우먼,우먼즈 캐시미어 블렌드 핸드메이드 발마칸 로브 코트 [블랙],159890,20,110,0,207,0,4800,블랙,2024120320,outers
4262833,아웃스탠딩,M-65 FISHTAIL PARKA_OLIVE,198400,20,39,0,208,0,0,,2024120320,outers
4440503,살로몬,컨투어 다운 자켓 W_LC2581300,420000,0,60,0,209,0,0,,2024120320,outers
1115974,인사일런스,캐시미어 더블 롱 코트 BLACK,217000,30,61,0,210,0,31000,black,2024120320,outers
4211910,무신사 스탠다드 우먼,우먼즈 캐시미어 블렌드 발마칸 로브 코트 [오트밀],178390,15,86,0,211,0,0,,2024120320,outers
3552585,드로우핏 우먼,소프트 캐시미어 싱글 발마칸 코트 [BLACK],215600,30,67,0,212,0,1000,black,2024120320,outers
4262841,아웃스탠딩,PRIMALOFT LEVEL 7 SHORT PARKA_SAGE GREEN,198400,20,143,0,213,0,0,green,2024120320,outers
3541079,토피,논 퀼팅 크롭 패딩 점퍼 (BLACK),49900,64,35,0,214,0,2600,black,2024120320,outers
4371357,허그유어스킨,시어링 퍼 자켓 (애쉬 핑크),183200,20,274,0,215,0,0,,2024120320,outers
3585098,키뮤어,[WOOL 80] 울 세미오버핏 더플 코트_네이비,103600,60,156,0,216,0,2500,네이비,2024120320,outers
4280401,노매뉴얼,DIVISION HOODED DUCK DOWN - BLACK,155720,32,262,0,217,0,0,black,2024120320,outers
4380452,파르티멘토,알파카 모헤어 니트 노르딕 가디건 블랙,41900,40,242,33,218,0,2100,블랙,2024120320,outers
4242664,스파오,베이직 푸퍼 (코듀로이)_SPJPE4TC12,71900,10,168,0,219,0,2000,,2024120320,outers
260755,인사일런스,솔리스트 캐시미어 코트 BLACK,186200,30,62,0,220,0,46000,black,2024120320,outers
4326722,무신사 스탠다드 스포츠,코어 클래식 패딩 자켓 (4colors),71920,20,43,0,221,0,2300,,2024120320,outers
2996683,키뮤어,[24FW] 울(WOOL) 2-WAY 헤링턴 자켓_3COLOR,95400,40,36,0,222,0,7100,,2024120320,outers
2518456,무신사 스탠다드,캐시미어 블렌드 오버사이즈 발마칸 코트 [미디엄 그레이],169890,15,80,0,223,0,1100,그레이,2024120320,outers
2518452,무신사 스탠다드,캐시미어 블렌드 오버사이즈 발마칸 코트 [네이비],169890,15,75,0,224,0,1700,네이비,2024120320,outers
4499477,키뮤어,[WOOL 80] 울리치 발마칸 로브코트_블랙,146250,44,71,0,225,0,0,블랙,2024120320,outers
3564177,리,코듀로이 숏 패딩 블랙,125300,30,25,0,226,0,1800,블랙,2024120320,outers
3599167,디스커버리 익스페디션,여성 올리브 글로우 다운(BLACK),279000,0,78,0,227,0,0,black,2024120320,outers
3465162,애프터프레이,리가즈 해링턴 블루종 차콜,254250,25,79,0,228,0,0,블루 | 차콜,2024120320,outers
3602750,예일,007 포켓 숏푸퍼_블랙,53900,55,75,0,229,0,2300,블랙,2024120320,outers
4569353,블랙야크,아이스제로 레이디 다운자켓,299000,40,333,0,230,0,0,,2024120320,outers
3465159,애프터프레이,리가즈 해링턴 블루종 네이비,254250,25,79,0,231,0,1000,블루 | 네이비,2024120320,outers
4483644,더콜디스트모먼트,TCM web raglan light puffer jacket (black),215200,20,132,0,232,0,0,black,2024120320,outers
3553883,쿠어,CWU 리버서블 플라이트 봄버 (블랙),288000,10,51,0,233,0,0,블랙,2024120320,outers
3477392,데상트,2024 롱 캐논 유러피언 구스다운 블랙(SP323SDJ91),469000,0,19,0,234,0,0,블랙,2024120320,outers
4280410,노매뉴얼,AELLA DUCK DOWN - BROWN,179280,28,107,0,235,0,0,brown,2024120320,outers
3564173,리,코듀로이 숏 패딩 아이보리,125300,30,123,0,236,0,1500,,2024120320,outers
4548676,노스페이스,NJ1DQ66A 남성 1996 워터 쉴드 눕시 다운 자켓_BEIGE BROWN,413100,10,26,0,237,0,0,brown,2024120320,outers
4454885,시티브리즈 우먼,에센셜 시티 크롭 패딩 점퍼_4COLORS,59150,65,569,0,238,0,1700,,2024120320,outers
4356816,무신사 스탠다드,시티 레저 시어 립스탑 후디드 다운 숏 패딩 재킷 [블랙],167890,20,130,0,239,0,0,블랙,2024120320,outers
3650974,트릴리온,스웨이드 리벳 블루종 집업 자켓 (BROWN),54900,42,249,0,240,0,4300,brown | 블루,2024120320,outers
3583652,쿠어,오버사이즈 알파카 블렌드 더플 코트 (다크그레이멜란지),386100,10,72,0,241,0,0,그레이,2024120320,outers
3405552,무신사 스탠다드,울 블렌드 오버사이즈 더플 코트 [네이비],134890,25,80,0,242,0,2600,네이비,2024120320,outers
4607114,디스커버리 익스페디션,글렌 리버시블 다운 숏패딩 3종 택1,223300,30,251,0,243,0,0,,2024120320,outers
4422571,러프넥,워싱 레더 무스탕 자켓,152100,10,107,0,244,0,0,,2024120320,outers
3465134,애프터프레이,투어리스트 발마칸 코트 네이비,291750,25,88,0,245,0,0,네이비,2024120320,outers
4419823,밀로 아카이브,크롭 무브 가디건 [네이비],54000,50,180,0,246,0,1300,네이비,2024120320,outers
4437631,디미트리블랙,페이드 워싱 B-3 무스탕 자켓_블랙,66800,39,225,0,247,0,1100,블랙,2024120320,outers
3439979,어반디타입,(패딩or논패딩 선택) 코듀로이 래글런 자켓_네이비,58650,34,54,0,248,0,5200,네이비,2024120320,outers
4376737,더블유브이프로젝트,더프 헤링턴 자켓 브라운 JJOT7732,78800,25,115,0,249,0,2900,브라운,2024120320,outers
4413238,맨인스토어 프로덕트,남여공용 푸퍼 숏패딩_Glossy,41900,70,168,0,250,0,1400,,2024120320,outers
3346087,무신사 스탠다드 우먼,우먼즈 캐시미어 블렌드 발마칸 로브 코트 [토프],178390,15,33,0,251,0,0,,2024120320,outers
4489845,라퍼지스토어,VTG 쉐르파 데님 워크 자켓_Washed Black,67000,46,341,0,252,0,1100,black,2024120320,outers
2708077,무신사 스탠다드,캐시미어 블렌드 오버사이즈 발마칸 코트 [토프],169890,15,51,0,253,0,1400,,2024120320,outers
2700050,무신사 스탠다드 우먼,우먼즈 캐시미어 블렌드 발마칸 로브 코트 [다크 브라운],178390,15,97,0,254,0,1200,브라운,2024120320,outers
4451771,마리떼,W BASIC DUCK DOWN CROP PUFFER ivory,207200,20,156,0,255,0,0,,2024120320,outers
4345672,노스페이스,NJ1DQ52J 화이트라벨 프리 무브 RDS 다운 자켓_BLACK,338000,0,73,0,256,0,0,black | 화이트,2024120320,outers
3378526,무신사 스탠다드,시티 레저 다운 패딩 베스트 [블랙],103890,20,21,0,257,0,3600,블랙,2024120320,outers
4548940,노스페이스,NJ1DQ86L 화이트라벨 여성 노벨티 눕시 디테쳐블 다운 자켓 (RDS)_CREAM,408000,0,107,0,258,0,0,화이트,2024120320,outers
4512999,엘무드,그레이웨일 더블 코트 FELTRO 블랙,333000,10,50,0,259,0,0,블랙 | 그레이,2024120320,outers
4297863,내셔널지오그래픽,N244WDW920 여성 헤론 U넥 경량 다운 점퍼 CARBON BLACK,169000,0,24,0,260,0,0,black,2024120320,outers
4512998,엘무드,그레이웨일 더블 코트 카키,333000,10,23,0,261,0,0,그레이,2024120320,outers
4470917,무신사 스탠다드 스포츠,코어 익스트림 패딩 자켓 (3color),83940,40,226,0,262,0,1400,,2024120320,outers
2098326,드로우핏,프리미어 퓨어 캐시미어 발마칸 코트 [DARK BROWN],215500,30,177,0,263,0,2000,brown,2024120320,outers
4499775,키뮤어,오버핏 2-WAY 더플 후드 롱패딩_블랙,149890,16,146,0,264,0,0,블랙,2024120320,outers
3056018,후브스,코튼 투웨이 벌룬 니트 집업 [네이비],44064,50,124,0,265,0,8300,네이비,2024120320,outers
4431837,오피쉬,"리치 울 하프 코트, 그레이",209250,25,121,0,266,0,0,그레이,2024120320,outers
2870818,세터,레체 투 톤 덕 다운 패딩 글리터 그린 브라운,319200,20,134,0,267,0,1300,브라운 | 그린,2024120320,outers
4632372,예스아이씨,CORDURA® 5B Fond Down Jacket,114500,50,132,0,268,0,0,,2024120320,outers
3584973,키뮤어,(우먼) 울(WOOL) 후드 더플 하프 코트_네이비,109890,35,70,0,269,0,1100,네이비,2024120320,outers
3260637,아디다스,BB 트랙탑 - 스카이블루 / IK9150,96990,30,90,0,270,0,2000,블루,2024120320,outers
2285078,코드그라피,[패딩 Ver.] 피쉬테일 레이어드 후드 숏파카_블랙,89900,43,55,0,271,0,8900,블랙,2024120320,outers
4483145,오로,헤어리 버튼 울 숏 코트_2Color,97900,43,275,0,272,0,1100,,2024120320,outers
3451315,노매뉴얼,SKADI DUCK DOWN - GLOSSY GRAY,159360,36,101,0,273,0,0,,2024120320,outers
2093254,브이투,465-3 VEGAN LEATHER OVERFIT JACKET_BLACK,42000,53,97,0,274,0,15000,black,2024120320,outers
4470056,수아레,서스테인 발마칸 패딩 코트 - 2 COLOR,109450,45,193,0,275,0,0,,2024120320,outers
2653637,무신사 스탠다드,데일리 푸퍼 리버서블 플리스 숏 패딩 재킷 [블랙/크림],76390,15,95,0,276,0,7000,블랙,2024120320,outers
4096384,노스페이스,NJ3NQ50A 남성 마리온 온볼 자켓_BLACK,175190,20,29,0,277,0,0,black,2024120320,outers
2739130,코드그라피,헤비보아 CGP 더플 플리스 점퍼_블랙,68960,27,88,0,278,0,7500,블랙,2024120320,outers
3541136,캘빈클라인 진,여성 볼륨 넥 크롭 다운 푸퍼 J225572,242190,19,59,0,279,0,1600,,2024120320,outers
4487741,도프셉,Basic Crop Mustang in Black/Black,132300,30,201,0,280,0,0,black,2024120320,outers
4356813,무신사 스탠다드,시티 레저 논 퀼팅 다운 숏 패딩 재킷 [블랙],116890,35,431,30,281,0,0,블랙,2024120320,outers
4493677,와일드띵스,와일드띵스 마운틴 필드 패딩 자켓 그라파이트,200760,16,33,0,282,0,0,,2024120320,outers
3656540,어나더 오피스,Voyager Balmacaan Coat (Dark Navy),385200,10,39,0,283,0,0,navy,2024120320,outers
2782762,비슬로우,OVERSIZED CASHMERE BALMACAAN COAT MELANGE BROWN,269250,25,106,0,284,0,1200,brown,2024120320,outers
4209299,무신사 스탠다드,데일리 발마칸 코트 [블랙],110390,15,64,0,285,0,0,블랙,2024120320,outers
4508016,코드그라피,[24년 리뉴얼VER.] RDS 유틸리티 덕다운 푸파 숏패딩_2color,122850,35,121,0,286,0,0,,2024120320,outers
4451668,쿠어,미니멀 카라 다운 자켓 (블랙),261000,10,54,0,287,0,0,블랙,2024120320,outers
2139011,레이디 볼륨,465-1 비건 레더 오버핏 자켓,42000,53,75,0,288,0,24000,,2024120320,outers
2351619,쿠어,퍼프 플라이트 MA-1 (블랙),238500,10,33,0,289,0,1800,블랙,2024120320,outers
1635197,무신사 스탠다드,캐시미어 20 오버사이즈 싱글 코트 [블랙],183890,20,28,0,290,0,4500,블랙,2024120320,outers
4508006,코드그라피,[24년 리뉴얼VER.] RDS 유틸리티 덕다운 후드 숏패딩_카키,137310,31,186,0,291,0,0,,2024120320,outers
4538569,드로우핏,[오정규X드로우핏] 시어링 미니멀 무스탕 자켓 [BEIGE],146200,30,107,0,292,0,0,,2024120320,outers
2821697,어반디타입,히티드울 멜턴 더플코트(Wool 60)_네이비,126650,47,44,0,293,0,2000,네이비,2024120320,outers
4548659,노스페이스,NJ1DQ66C 남성 1996 워터 쉴드 눕시 다운 자켓_REAL BLACK,413100,10,16,0,294,0,0,black,2024120320,outers
3378528,무신사 스탠다드,시티 레저 다운 숏 패딩 재킷 [블랙],143890,20,82,0,295,0,3300,블랙,2024120320,outers
3671136,아르반,라이트 쉘 패디드 자켓_블랙,103900,45,53,0,296,0,1400,블랙,2024120320,outers
4476487,오로,울리치 트렌치 맥코트_Oatmeal,158000,39,257,0,297,0,0,,2024120320,outers
2518455,무신사 스탠다드,캐시미어 블렌드 오버사이즈 발마칸 코트 [차콜 그레이],169890,15,71,0,298,0,1200,그레이 | 차콜,2024120320,outers
4508986,엠오오,레오파드 아플리케 후드집업 - 브라운,76200,32,14,0,299,0,0,브라운,2024120320,outers
2482269,노스페이스,NJ1DQ75A 남성 1996 에코 눕시 자켓_BLACK,399000,0,1400,112,1,0,24000,black,2024120420,outers
3378514,무신사 스탠다드,데일리 푸퍼 숏 패딩 재킷 [블랙],41890,40,3300,546,2,0,39000,블랙,2024120420,outers
2098325,드로우핏,프리미어 퓨어 캐시미어 발마칸 코트 [BLACK],215600,30,1300,149,3,0,23000,black,2024120420,outers
4619625,디스이즈네버댓,PERTEX® T Down Jacket,167300,30,1300,72,4,0,7000,,2024120420,outers
2108160,스파오,베이직 퍼플리스 집업_SPFZE4TC01,26900,10,664,166,5,0,230000,,2024120420,outers
4531994,스파오,베이직 패딩,54522,22,2800,527,6,0,12000,,2024120420,outers
4286631,노스페이스,NJ3NQ53A 남성 눕시 온볼 자켓_BLACK,249000,0,711,0,7,0,5800,black,2024120420,outers
2782764,비슬로우,OVERSIZED CASHMERE BALMACAAN COAT BLACK,269250,25,592,0,8,0,14000,black,2024120420,outers
3783092,디미트리블랙,[기모선택] ASI 포시즌 에센셜 피그먼트 후드집업_차콜 그레이,30500,40,1200,238,9,0,51000,그레이 | 차콜,2024120420,outers
3481219,쿠어,벨란디 캐시미어 블렌드 발마칸 코트 (블랙),359100,10,633,72,10,0,8500,블랙,2024120420,outers
2700048,무신사 스탠다드 우먼,우먼즈 캐시미어 블렌드 발마칸 로브 코트 [블랙],178390,15,1100,100,11,0,16000,블랙,2024120420,outers
4241903,노스페이스,NJ1DQ80J 화이트라벨 여성 노벨티 눕시 RDS 다운 자켓_BLACK,368000,0,847,0,12,0,2700,black | 화이트,2024120420,outers
4403731,프렌치시크,코스에그 자수 투웨이 니트집업 가디건,17880,40,1700,508,13,0,35000,,2024120420,outers
4327173,노스페이스,NC1DQ50J 화이트라벨 액션 프리 RDS 다운 코트_BLACK,358000,0,406,0,14,0,2600,black | 화이트,2024120420,outers
4460716,디스이즈네버댓,PERTEX® T Down Jacket Black,191200,20,400,0,15,0,5400,black,2024120420,outers
3780728,맨인스토어 프로덕트,남여공용 푸퍼 숏패딩_Black,49900,64,1100,135,16,0,11000,black,2024120420,outers
4605203,노매뉴얼,SKADI DUCK DOWN - GLOSSY BLACK,159360,36,923,83,17,0,3100,black,2024120420,outers
3440439,커스텀어클락,커브드 투웨이 항공 패딩 점퍼 5COLOR COOSJP045,53750,52,1000,132,18,0,10000,,2024120420,outers
2116411,무신사 스탠다드,캐시미어 블렌드 오버사이즈 발마칸 코트 [블랙],139890,30,471,64,19,0,20000,블랙,2024120420,outers
1618313,무신사 스탠다드,캐시미어 블렌드 대디 숄더 싱글 롱 코트 [블랙],113890,40,466,99,20,0,19000,블랙,2024120420,outers
1778404,토피,2WAY 스웻 후드 집업 (MELANGE GREY),30000,33,420,140,21,0,400000,grey,2024120420,outers
2863075,트릴리온,유니섹스 발마칸 더플 숏 코트 (BLACK),64900,50,1300,133,22,0,11000,black,2024120420,outers
1582142,레프트서울,에비에이터 B-3 무스탕 자켓 [블랙],62000,52,856,130,23,0,15000,블랙,2024120420,outers
4633419,노스페이스,NJ1DQ51J 화이트라벨 노벨티 눕시 RDS 다운 자켓_BLACK,398000,0,1500,69,24,0,1300,black | 화이트,2024120420,outers
3689454,어반디타입,에센셜 푸퍼 덕다운 숏 패딩_4 Color,65900,56,719,130,25,0,4600,,2024120420,outers
1535333,코드그라피,[DIVO] RDS 유틸리티 덕다운 푸파 숏패딩_4color,64000,56,555,40,26,0,31000,,2024120420,outers
4286964,노스페이스,NJ4FQ50J 화이트라벨 컴피 알파 플리스 집업_BLACK,108000,0,275,0,27,0,4800,black | 화이트,2024120420,outers
865862,무신사 스탠다드,캐시미어 블렌드 오버사이즈 싱글 코트 [블랙],103890,35,329,38,28,0,79000,블랙,2024120420,outers
4469328,커버낫,24FW RDS 씨빅 오리진 숏 푸퍼 블랙,171900,22,520,53,29,0,2000,블랙,2024120420,outers
3390508,스탠다드에러,87-STAN009 [비건 스웨이드] 스탠다드 블루종 스웨이드 자켓 블랙,39800,70,937,125,30,0,49000,블랙 | 블루,2024120420,outers
2156295,키뮤어,[WOOL 80] 울 세미오버핏 발마칸 코트_블랙,126910,51,696,77,31,0,7500,블랙,2024120420,outers
2222924,무신사 스탠다드,롱 다운 벤치 파카 [블랙],143890,20,55,45,32,0,6000,블랙,2024120420,outers
4609720,인사일런스,마펠 캐시미어 발마칸 코트 [3_Color],239400,40,923,79,33,0,2300,,2024120420,outers
3783094,디미트리블랙,[기모선택] ASI 포시즌 에센셜 스웻 후드집업_멜란지,25600,50,739,169,34,0,20000,,2024120420,outers
2241553,에스피오나지,ECWCS Level 7 Parka Grey Olive,223000,20,357,0,35,0,3600,grey,2024120420,outers
4452115,쿠어,스탠드 칼라 넥 다운 푸퍼 (블랙),254700,10,492,39,36,0,1700,블랙,2024120420,outers
4515471,라퍼지스토어,유니온 빅 오버 패딩 파카_2COLOR,87900,45,623,34,37,0,3300,,2024120420,outers
656046,인사일런스,에센셜 다운 자켓 BLACK,99000,40,277,0,38,0,18000,black,2024120420,outers
4241965,스파오,베이직 패쪼_SPJVE4TC01,38920,22,420,91,39,0,8300,,2024120420,outers
4600246,도프제이슨,솔리드 무톤 자켓 4 COLOR,109000,45,616,107,40,0,2400,,2024120420,outers
655610,드로우핏,프리미어 퓨어 캐시미어 히든 싱글 코트 [BLACK],194600,30,55,0,41,0,34000,black,2024120420,outers
3563303,비슬로우,OVERSIZED CASHMERE BALMACAAN COAT NAVY,269250,25,293,0,42,0,3600,navy,2024120420,outers
3583487,쿠어,워터 리펠런트 구스다운 점퍼 (블랙),351000,10,474,33,43,0,2500,블랙,2024120420,outers
2037167,스파오,파스텔 푸퍼_SPJPE4TG01,62900,10,969,148,44,0,97000,,2024120420,outers
3395772,무신사 스탠다드,미니멀 후디드 다운 숏 패딩 재킷 [블랙],144390,15,359,52,45,0,2900,블랙,2024120420,outers
4351348,미세키서울,Hoodie long duffle Coat CHARCOAL,135432,32,394,0,46,0,2100,charcoal,2024120420,outers
4573427,리,나일론 베이직 다운,99500,50,493,59,47,0,2100,,2024120420,outers
3604263,노이아고,NOI1067 라이트웨이트 다운 자켓 (블랙),37900,41,413,67,48,0,7400,블랙,2024120420,outers
3378515,무신사 스탠다드,데일리 푸퍼 숏 패딩 재킷 [라이트 그레이],41890,40,479,111,49,0,9500,그레이,2024120420,outers
885715,드로우핏,프리미어 퓨어 캐시미어 로브 더블 코트 [BLACK],215600,30,216,0,50,0,11000,black,2024120420,outers
2737014,프리즘웍스,VINCENT M1965 FISHTAIL PARKA 004 _ OLIVE,186150,15,364,41,51,0,7100,,2024120420,outers
3470403,무신사 스탠다드 스포츠,코어 패딩 자켓 (5colors),59940,40,367,81,52,0,19000,,2024120420,outers
4442864,라퍼지스토어,히든 레더 무스탕 점퍼_2COLOR,78000,51,1500,75,53,0,3100,,2024120420,outers
912314,무신사 스탠다드,다운 푸퍼 숏 패딩 재킷 [블랙],95890,20,167,0,54,0,39000,블랙,2024120420,outers
3881570,밀로 아카이브,크롭 무브 가디건 [레드],54000,50,510,97,55,0,4600,,2024120420,outers
3807577,디미트리블랙,오버핏 바이오 데님 후드 집업_그레이,28900,59,552,116,56,0,8600,그레이,2024120420,outers
4073444,노스페이스,NJ3NQ51A 남성 마리온 온볼 자켓_BLACK,175190,20,575,36,57,0,1500,black,2024120420,outers
4280408,노매뉴얼,AELLA DUCK DOWN - GLOSSY BLACK,179280,28,179,0,58,0,1400,black,2024120420,outers
4605224,노매뉴얼,SKADI DUCK DOWN - MATTE BLACK,159360,36,751,56,59,0,1300,black,2024120420,outers
4266425,어반디타입,헤비 웰론 배색 후드 숏 패딩_4color,49900,54,639,88,60,0,2700,,2024120420,outers
2822486,도프제이슨,하이넥 레더 무톤 자켓 BROWN / BLACK,117500,50,499,61,61,0,6500,black | brown,2024120420,outers
4457974,리,우먼 크롭 숏 다운 블랙,175000,20,207,0,62,0,1400,블랙,2024120420,outers
3616470,필루미네이트,오버핏 심볼 로고 후드 패딩-블랙,43990,51,1000,63,63,0,4400,블랙,2024120420,outers
2153567,뉴발란스,NBNPE41113 / 남여공용 액티브 숏 다운 자켓 (4컬러),299000,0,301,0,64,0,5500,,2024120420,outers
2818896,드로우핏,프리미어 퓨어 캐시미어 발마칸 코트 [D.NAVY],215600,30,221,0,65,0,4200,navy,2024120420,outers
3676631,더그린랩,에코퍼 하이넥 무스탕 쟈켓,93992,53,601,47,66,0,3700,,2024120420,outers
2801731,블랙야크,아이스제로 레이디 다운자켓 블랙,399200,20,143,0,67,0,3300,블랙,2024120420,outers
4464736,나이키,스포츠웨어 클럽 패딩 자켓 M - 블랙:화이트 / FB7369-010,215100,10,253,0,68,0,0,블랙 | 화이트,2024120420,outers
3378508,무신사 스탠다드,립스탑 다운 푸퍼 숏 패딩 재킷 [블랙],77890,40,429,65,69,0,5000,블랙,2024120420,outers
4312154,라퍼지스토어,에센셜 라운드 니트 가디건_7COLOR,35900,33,381,70,70,0,10000,,2024120420,outers
947088,무신사 스탠다드,후디드 스웨트 집업 [멜란지 그레이],19990,54,276,116,71,0,89000,그레이,2024120420,outers
1628418,무신사 스탠다드 우먼,우먼즈 캐시미어 블렌드 체스터 롱 코트 [블랙],144390,15,268,0,72,0,4500,블랙,2024120420,outers
2238440,파르티멘토,오버사이즈 멜톤 더플 롱 코트 네이비,92900,40,496,38,73,0,44000,네이비,2024120420,outers
4410061,노스페이스,NJ1DQ79F 슈퍼플렉스 눕시 다운 자켓 (RDS)_REAL BLACK,386100,10,234,0,74,0,0,black,2024120420,outers
1684196,어반드레스,유니섹스 프렌치 롱 가운 오버핏 코트 7 COLOR,79000,58,405,38,75,0,7200,,2024120420,outers
3618780,오로,울리치 트렌치 맥코트_5Color,129000,50,808,41,76,0,7300,,2024120420,outers
1618207,무신사 스탠다드,캐시미어 블렌드 대디 숄더 더블 롱 코트 [블랙],139890,30,258,37,77,0,6900,블랙,2024120420,outers
606312,무신사 스탠다드,브이넥 라이트 다운 베스트 [블랙],42390,15,123,72,78,0,150000,블랙,2024120420,outers
3585220,키뮤어,(덕 다운) 코듀로이 헤링턴 다운 점퍼_카멜,123050,31,278,0,79,0,1600,,2024120420,outers
4209266,무신사 스탠다드,울 블렌드 오버사이즈 머프 발마칸 코트 [블랙],127890,20,262,0,80,0,1300,블랙,2024120420,outers
4507921,뉴발란스,NBNPE4W102 / WOMEN 액티브 숏 구스다운 (6컬러),299000,0,688,0,81,0,2100,,2024120420,outers
4432439,지프,M-Logo 레인보우 라벨 하프넥 플리스 집업 2 color (JQ5TZU191),23900,70,667,188,82,0,8900,,2024120420,outers
3390511,스탠다드에러,87-STAN009 [비건 스웨이드] 스탠다드 블루종 스웨이드 자켓 카키,39800,70,435,84,83,0,41000,블루,2024120420,outers
1558197,무신사 스탠다드,릴렉스드 베이식 블레이저 [블랙],69590,15,161,32,84,0,140000,블랙,2024120420,outers
1647181,메종미네드,BLACK DOUBLE LONG GOOSE DOWN,199900,49,262,0,85,0,9300,black,2024120420,outers
2985378,레프트서울,에비에이터 B-3 무스탕 자켓 [블랙/화이트],62000,52,523,54,86,0,5400,블랙 | 화이트,2024120420,outers
2792169,비터셀즈,글로시 크롭 푸퍼 자켓-4 Colors,58860,46,599,53,87,0,12000,,2024120420,outers
4424968,드로우핏,오버사이즈 라인 무스탕 자켓 [BLACK],135850,35,317,0,88,0,1300,black,2024120420,outers
4457996,리,베이직 다운 블랙,175000,20,209,0,89,0,0,블랙,2024120420,outers
4297879,내셔널지오그래픽,N244UDW920 헤론 U넥 경량 다운 점퍼 CARBON BLACK,169000,0,14,0,90,0,1600,black,2024120420,outers
452483,도프제이슨,솔리드 무톤 자켓,148000,26,138,0,91,0,44000,,2024120420,outers
4457972,리,우먼 크롭 숏 다운 브라운,175000,20,204,0,92,0,1100,브라운,2024120420,outers
1539383,도프제이슨,솔리드 스웨이드 무톤 자켓 (블랙),118150,41,205,0,93,0,10000,블랙,2024120420,outers
3481221,쿠어,벨란디 캐시미어 블렌드 발마칸 코트 (신더그레이),359100,10,233,0,94,0,3200,그레이,2024120420,outers
4351669,미세키서울,Duffle hoodie short coat CHARCOAL,181000,35,248,0,95,0,0,charcoal,2024120420,outers
4518081,노스페이스,NJ1DQ52A 남성 펠릭스 RDS 다운 자켓_BLACK,395090,10,160,0,96,0,0,black,2024120420,outers
920520,에프씨엠엠,클럽 팀 풋볼 벤치 롱 패딩 2color,63000,63,269,48,97,0,7100,,2024120420,outers
3621982,마리떼,CLASSIC LOGO DUCK DOWN PUFFER black,207200,20,298,0,98,0,1400,black,2024120420,outers
4508146,내셔널지오그래픽,N244UDW910 레이만 숏기장 다운 점퍼 CARBON BLACK,269100,10,168,0,99,0,0,black,2024120420,outers
4289728,더콜디스트모먼트,TCM stripe hooded zip-up (charcoal/black),101150,15,189,0,100,0,4100,black | charcoal,2024120420,outers
4241964,스파오,베이직 롱패딩_SPJPE4VC14,79000,21,154,32,101,0,2200,,2024120420,outers
4553941,오로,언샘블 퍼 레더 하프 코트_2Color,96900,47,470,0,102,0,1300,,2024120420,outers
2838103,디미트리블랙,ASI 2WAY 헤비웨이트 푸퍼 패딩 자켓_블랙,31900,65,955,107,103,0,5400,블랙,2024120420,outers
3716632,웬즈데이오아시스,W/M-65 피쉬테일 야상 패딩 코트(3col),87000,53,496,46,104,0,2400,,2024120420,outers
3600897,디스커버리 익스페디션,여성 켈리 구스다운 롱패딩 (BLACK),570000,0,115,0,105,0,0,black,2024120420,outers
4521039,마뗑킴,LOGO TAPING PUFFER DOWN JUMPER FOR WOMEN IN BLACK,238400,20,267,0,106,0,0,black,2024120420,outers
3588413,아디다스,베켄바우어 트랙탑 - 블랙:화이트 / II5763,73990,30,39,0,107,0,7900,블랙 | 화이트,2024120420,outers
2653652,무신사 스탠다드 우먼,우먼즈 데일리 푸퍼 리버서블 플리스 숏 패딩 재킷 [크림/크림],53890,40,871,52,108,0,5000,,2024120420,outers
4604451,노스페이스,NJ1DQ91A 여성 로프티 RDS 다운 자켓_BLACK,305090,10,145,0,109,0,0,black,2024120420,outers
3515648,내셔널지오그래픽,N234UFJ910 코스토니 플리스 뽀글이 후드 집업 WHITE,125300,30,70,0,110,0,2100,white,2024120420,outers
4480291,라퍼지스토어,울리치 발마칸 오버 코트_5COLOR,99800,46,476,0,111,0,1700,,2024120420,outers
1114716,무신사 스탠다드,트랜스폼 라운드 넥 라이트 다운 재킷 [블랙],50890,15,50,0,112,0,33000,블랙,2024120420,outers
668822,쿠어,MTR 오버핏 더블 롱 코트 (블랙),313200,10,139,0,113,0,19000,블랙,2024120420,outers
4475936,엠엘비,커브 패딩 NY (Black),289000,0,90,0,114,0,0,black,2024120420,outers
1643839,세컨모놀로그,[DUCK DOWN] 몬스터 롱 헤비 다운 파카 3 color_SEJP008,149300,42,241,0,115,0,9100,,2024120420,outers
2206096,인더스트,[ALL리뉴얼.Ver] 오리지널 M65 피시테일 파카_카키,119000,34,188,35,116,0,4000,,2024120420,outers
3634631,에스피오나지,Insulated Hiking Jacket Grey Olive,217600,15,330,0,117,0,1500,grey,2024120420,outers
4503687,와키윌리,솔리드 다운 퍼핀 숏푸퍼 블랙,120450,45,187,0,118,0,1000,블랙,2024120420,outers
3780896,맨인스토어 프로덕트,남여공용 푸퍼 숏패딩_Gray,49900,64,226,0,119,0,3400,,2024120420,outers
4494169,247시리즈,TORAY DELFY™ 구스 다운 점퍼 BLACK,341100,10,304,0,120,0,0,black,2024120420,outers
2156412,키뮤어,쉘블록 2-WAY 보아퍼 숏패딩_블랙,79000,39,522,43,121,0,3500,블랙,2024120420,outers
2145689,플루크,3M신슐레이트 트래블러 퀼팅자켓 FPJ201 / 6color,47500,72,241,30,122,0,16000,,2024120420,outers
2161486,비슬로우,OVERSIZED M65 HOOD SHORT DOWN PARKA BLACK,246750,25,146,0,123,0,5300,black,2024120420,outers
3905833,아디다스,BB 트랙탑 - 베이지:인디고 / IZ4922,89990,35,264,0,124,0,2500,,2024120420,outers
4515548,라퍼지스토어,더플 풀 패딩 코트_Charcoal,102000,48,386,0,125,0,1200,charcoal,2024120420,outers
4297621,무신사 스탠다드,데일리 푸퍼 칼라리스 패딩 재킷 [블랙],35890,40,180,45,126,0,2400,블랙,2024120420,outers
3585225,키뮤어,[코듀로이 OR 나일론] 덕 다운 헤링턴 다운 점퍼_3COLOR,99900,41,517,0,127,0,4200,,2024120420,outers
4572582,더엣지,24FW 폭스퍼 야상 롱 구스다운 코트,257000,19,349,32,128,0,0,,2024120420,outers
1648072,무신사 스탠다드,구스 다운 푸퍼 숏 패딩 재킷 [블랙],125890,30,182,34,129,0,5800,블랙,2024120420,outers
4565779,노스페이스,NJ3NQ71A 남성 아스펜 EX 온볼 자켓_BLACK,219000,0,89,0,130,0,0,black,2024120420,outers
3541141,캘빈클라인 진,남녀공용 릴렉스핏 베이직 숏 푸퍼 J400477,166850,44,75,50,131,0,2100,,2024120420,outers
3967536,노스페이스,NV1DQ55A 남성 1996 에코 눕시 베스트_BLACK,269000,0,102,0,132,0,0,black,2024120420,outers
4420185,노스페이스,NJ1DQ79C 슈퍼플렉스 눕시 다운 자켓 (RDS)_NAVY,386100,10,231,0,133,0,0,navy,2024120420,outers
4297610,무신사 스탠다드,데일리 푸퍼 미니멀 숏 패딩 재킷 [블랙],71890,10,183,0,134,0,2100,블랙,2024120420,outers
4489823,아디다스,BB 트랙탑 - 다크브라운 / JD5267,90990,35,238,0,135,0,2300,브라운,2024120420,outers
1535337,코드그라피,[DIVO] RDS 유틸리티 덕다운 푸파 숏패딩_쿨그레이,47900,67,300,0,136,0,37000,그레이,2024120420,outers
1291017,제멋,리치 오버 MA-1 자켓 블랙 YHJK2269,69700,27,37,0,137,0,76000,블랙,2024120420,outers
4350254,세컨모놀로그,더블 어드저스트 버튼 숏 패딩 점퍼 4 color_SEJP005,56300,59,539,67,138,0,1500,,2024120420,outers
4383452,노스페이스,NC1DQ51A 남성 액트 프리 EX 하이브리드 다운 코트,287100,10,46,0,139,0,0,,2024120420,outers
2737012,프리즘웍스,VINCENT M1965 FISHTAIL PARKA 004 _ BLACK,186150,15,112,0,140,0,3900,black,2024120420,outers
4573430,리,카라리스 미들 다운 자켓,59600,60,312,0,141,0,1600,,2024120420,outers
3635002,커넥트킨록,하이넥 라인 무스탕 자켓 (3Color),159000,45,182,0,142,0,1800,,2024120420,outers
910127,집시,마스터 구스다운 핑거글러브  숏패딩 -블랙-,199000,43,104,0,143,0,17000,블랙,2024120420,outers
4542605,데이,글로시 다이애그널 크롭 푸퍼_GLOSSY BLACK,39900,73,566,73,144,0,1900,black,2024120420,outers
4470740,인템포무드,예티 푸퍼 덕다운 패딩 : 4컬러,152400,40,902,49,145,0,1500,,2024120420,outers
3697580,꼼파뇨,[2-WAY] 커브드 블록 니트 집업 블랙,33200,60,227,60,146,0,8300,블랙,2024120420,outers
3578658,아디다스,BB 트랙탑 - 마룬 / IN1000,96990,30,190,30,147,0,2400,,2024120420,outers
4498805,레더리,오블리크 스웨이드 무스탕 자켓 [BLACK],113400,30,241,0,148,0,1100,black,2024120420,outers
4522149,오로,부클 하프 울 코트_2Color,119900,45,779,0,149,0,0,,2024120420,outers
4417918,패러킷,리버시블 신슐레이트 패디드 점퍼 (챠콜),126300,20,126,0,150,0,0,,2024120420,outers
4581760,티엔지티,EUROPEAN GOOSE 벌룬핏 구스다운 점퍼 (3 Color),181300,30,725,0,151,0,1200,,2024120420,outers
4496942,브라운브레스,LIGHT DOWN HOODIE JUMPER - BLACK,175200,20,268,0,152,0,0,black,2024120420,outers
2758330,디스커버리 익스페디션,여성 레스터G RDS 구스다운 롱패딩 (BLACK),399000,0,66,0,153,0,2800,black,2024120420,outers
2825493,드로우핏,프리미어 퓨어 울 발마칸 코트 [MELANGE TAUPE],215600,30,177,0,154,0,1900,,2024120420,outers
3616463,필루미네이트,오버핏 심볼 로고 후드 패딩-그레이,44500,50,330,60,155,0,2500,그레이,2024120420,outers
3705719,노스페이스,NJ1DQ50A 남성 1996 눕시 에어 다운 자켓_BLACK,399000,0,139,0,156,0,0,black,2024120420,outers
4604316,노스페이스,NC1DQ50A 남성 챌린지 에어 RDS 다운 코트_BLACK,459000,0,70,0,157,0,0,black,2024120420,outers
1204448,파르티멘토,3M 신슐레이트 M-65 피시테일 코트 패딩 카키,100500,40,207,0,158,0,36000,,2024120420,outers
3771089,아디다스,베켄바우어 트랙탑 - 블랙 / IY8077,67990,35,282,34,159,0,8300,블랙,2024120420,outers
3824875,맨인스토어 프로덕트,투웨이 커플 숏패딩_Black,39900,71,484,53,160,0,2200,black,2024120420,outers
3836128,오로,[SET]데일리 니트 가디건_14Color,59900,67,305,35,161,0,16000,,2024120420,outers
4440511,살로몬,컨투어 다운 자켓 W_LC2581200,420000,0,133,0,162,0,0,,2024120420,outers
4600247,토마스모어,시티 숏 다운 - 블랙,267290,10,183,0,163,0,0,블랙,2024120420,outers
4414200,헤지스,[HIS/히스][캐너비] 발마칸 코트 블랙,314250,25,633,60,164,0,0,블랙,2024120420,outers
4508009,코드그라피,[24년 리뉴얼VER.] RDS 유틸리티 덕다운 후드 숏패딩_블랙,137310,31,86,0,165,0,0,블랙,2024120420,outers
4280409,노매뉴얼,AELLA DUCK DOWN - BLACK,179280,28,132,0,166,0,0,black,2024120420,outers
4297861,내셔널지오그래픽,N244WDW920 여성 헤론 U넥 경량 다운 점퍼 CRYSTAL BEIGE,169000,0,52,0,167,0,0,,2024120420,outers
2794998,쿠어,워터 리펠런트 구스다운 점퍼 (차콜그레이),351000,10,84,0,168,0,0,그레이 | 차콜,2024120420,outers
3405535,무신사 스탠다드,울 블렌드 빅 대디 싱글 맥시 코트 [블랙],127390,15,71,0,169,0,1700,블랙,2024120420,outers
4508023,코드그라피,[24년Ver.] RDS 에센셜 덕다운 푸파 숏패딩_블랙,159210,11,209,0,170,0,0,블랙,2024120420,outers
4464735,나이키,ACG 써마 핏 ADV 루나 레이크 자켓 M - 라이트 오어우드 브라운:서밋 화이트 / FV8911-104,324000,20,251,0,171,0,0,브라운 | 화이트,2024120420,outers
3541137,캘빈클라인 진,여성 볼륨 넥 크롭 다운 푸퍼 J225572 YBI,166850,44,350,0,172,0,1100,,2024120420,outers
4498804,레더리,오블리크 스웨이드 무스탕 자켓 [BROWN],113400,30,310,0,173,0,1100,brown,2024120420,outers
4502200,노스페이스,NJ1DQ53A 남성 1994 레트로 힘 다운 파카 (RDS 다운)_BLACK,621000,10,39,0,174,0,0,black,2024120420,outers
2159721,링서울,handmade wool trench coat-camel,282480,20,91,0,175,0,0,,2024120420,outers
1576700,도프제이슨,오버핏 비건레더 싱글 자켓,74100,41,106,0,176,0,69000,,2024120420,outers
4266497,어반디타입,히티트울 발마칸 코트(Wool 60)_블랙,90800,62,98,0,177,0,0,블랙,2024120420,outers
2700049,무신사 스탠다드 우먼,우먼즈 캐시미어 블렌드 발마칸 로브 코트 [미디엄 그레이],178390,15,268,0,178,0,1500,그레이,2024120420,outers
4595695,노스페이스,NJ1DQ86A 여성 눕시 숏 자켓_BLACK,369000,0,184,0,179,0,0,black,2024120420,outers
3810060,링서울,handmade wool trench coat-black,282480,20,66,0,180,0,0,black,2024120420,outers
4209578,무신사 스탠다드,미니멀 후디드 다운 숏 패딩 재킷 [다크 그레이],144390,15,360,0,181,0,0,그레이,2024120420,outers
4305217,무신사 스탠다드 스포츠,탱커 무브 패딩 자켓 (4color),83940,40,316,39,182,0,1900,,2024120420,outers
4242666,스파오,파스텔 푸퍼 (코듀로이)_SPJPE4TG02,71900,10,266,72,183,0,2500,,2024120420,outers
3661328,링서울,suede mustang coat-beige,285430,15,163,0,184,0,0,,2024120420,outers
4612241,파르티멘토,1950 N2B 밀리터리 숏 파카 블랙,112100,33,235,0,185,0,0,블랙,2024120420,outers
3596063,디미트리블랙,2WAY 크롭 코듀로이 드리즐러 자켓_브라운,39900,46,313,58,186,0,3500,브라운,2024120420,outers
3575358,코드그라피,(우먼) WAVE 로고 Hype 글로시 컬러링 크롭 푸퍼_6color,36000,67,1100,0,187,0,5500,,2024120420,outers
2866837,굿라이프웍스,울 블렌드 오버핏 더플 코트 네이비,86000,50,336,45,188,0,4900,네이비,2024120420,outers
2169905,캘빈클라인 진,남성 베이직 에센셜  푸퍼 자켓  J326958 BEH,211500,34,60,0,189,0,2000,,2024120420,outers
4483974,나이키,스포츠웨어 클럽  패딩 베스트 M - 블랙:화이트 / FB7374-010,170100,10,13,0,190,0,0,블랙 | 화이트,2024120420,outers
3422194,무신사 스탠다드 우먼,우먼즈 데일리 푸퍼 숏 패딩 재킷 [블랙],41890,40,575,41,191,0,4600,블랙,2024120420,outers
4280401,노매뉴얼,DIVISION HOODED DUCK DOWN - BLACK,155720,32,381,0,192,0,0,black,2024120420,outers
3552585,드로우핏 우먼,소프트 캐시미어 싱글 발마칸 코트 [BLACK],215600,30,83,0,193,0,1100,black,2024120420,outers
4438290,마인드브릿지,두굿_[COUTURE]울혼방하프발마칸코트 - 2color MYCA7105,129900,46,228,0,194,0,0,,2024120420,outers
1115974,인사일런스,캐시미어 더블 롱 코트 BLACK,186000,40,97,0,195,0,31000,black,2024120420,outers
4262833,아웃스탠딩,M-65 FISHTAIL PARKA_OLIVE,198400,20,199,0,196,0,0,,2024120420,outers
4464347,이알티알,Reversible Hoodie Zip-Up Check Blue,159200,20,182,0,197,0,0,blue,2024120420,outers
3650974,트릴리온,스웨이드 리벳 블루종 집업 자켓 (BROWN),54900,42,265,35,198,0,4500,brown | 블루,2024120420,outers
3585098,키뮤어,[WOOL 80] 울 세미오버핏 더플 코트_네이비,103600,60,214,0,199,0,2600,네이비,2024120420,outers
4380452,파르티멘토,알파카 모헤어 니트 노르딕 가디건 블랙,41900,40,231,32,200,0,2300,블랙,2024120420,outers
3590467,오로,글로시 크롭 푸퍼 패딩_3Color,62900,58,554,0,201,0,15000,,2024120420,outers
1593755,파르티멘토,[비건 레더] 필드 자켓 블랙,65500,48,84,0,202,0,58000,블랙,2024120420,outers
3583652,쿠어,오버사이즈 알파카 블렌드 더플 코트 (다크그레이멜란지),386100,10,65,0,203,0,0,그레이,2024120420,outers
3535181,캘빈클라인 진,여성 숏랭스 스탠드 카라 푸퍼 재킷 J224676 YBI,258390,19,288,0,204,0,2300,,2024120420,outers
2704962,예일,웜업 퀼팅자켓_블랙,49000,51,143,0,205,0,59000,블랙,2024120420,outers
3634620,에스피오나지,Insulated Hiking Jacket Black,217600,15,226,0,206,0,0,black,2024120420,outers
1611799,무신사 스탠다드 우먼,우먼즈 캐시미어 블렌드 더블 체스터 롱 코트 [블랙],161390,15,140,0,207,0,4900,블랙,2024120420,outers
2124214,무신사 스탠다드 우먼,우먼즈 캐시미어 블렌드 핸드메이드 발마칸 로브 코트 [블랙],159890,20,277,0,208,0,4900,블랙,2024120420,outers
4264558,아미,레드 하트 로고 가디건 - 블랙 / BFUKC002018009,369990,57,64,0,209,0,0,블랙,2024120420,outers
1108007,무신사 스탠다드,베이식 블레이저 [블랙],49990,37,57,0,210,0,170000,블랙,2024120420,outers
2518456,무신사 스탠다드,캐시미어 블렌드 오버사이즈 발마칸 코트 [미디엄 그레이],169890,15,49,0,211,0,1200,그레이,2024120420,outers
3564177,리,코듀로이 숏 패딩 블랙,125300,30,31,0,212,0,1800,블랙,2024120420,outers
4242664,스파오,베이직 푸퍼 (코듀로이)_SPJPE4TC12,71900,10,212,41,213,0,2200,,2024120420,outers
4607114,디스커버리 익스페디션,글렌 리버시블 다운 숏패딩 3종 택1,223300,30,330,0,214,0,0,,2024120420,outers
3541079,토피,논 퀼팅 크롭 패딩 점퍼 (BLACK),49900,64,206,0,215,0,2700,black,2024120420,outers
3405552,무신사 스탠다드,울 블렌드 오버사이즈 더플 코트 [네이비],134890,25,95,0,216,0,2700,네이비,2024120420,outers
4371357,허그유어스킨,시어링 퍼 자켓 (애쉬 핑크),183200,20,104,0,217,0,0,,2024120420,outers
3599167,디스커버리 익스페디션,여성 올리브 글로우 다운(BLACK),279000,0,158,0,218,0,0,black,2024120420,outers
4431837,오피쉬,"리치 울 하프 코트, 그레이",209250,25,146,0,219,0,0,그레이,2024120420,outers
4419823,밀로 아카이브,크롭 무브 가디건 [네이비],54000,50,237,32,220,0,1400,네이비,2024120420,outers
3465162,애프터프레이,리가즈 해링턴 블루종 차콜,254250,25,214,0,221,0,0,블루 | 차콜,2024120420,outers
3602750,예일,007 포켓 숏푸퍼_블랙,53900,55,383,0,222,0,2400,블랙,2024120420,outers
2518452,무신사 스탠다드,캐시미어 블렌드 오버사이즈 발마칸 코트 [네이비],169890,15,97,0,223,0,1800,네이비,2024120420,outers
3487625,커버낫,리버시블 컴피보아 집업 자켓 아이보리,54900,61,161,0,224,0,1700,,2024120420,outers
4440503,살로몬,컨투어 다운 자켓 W_LC2581300,420000,0,96,0,225,0,0,,2024120420,outers
3564173,리,코듀로이 숏 패딩 아이보리,125300,30,117,0,226,0,1500,,2024120420,outers
260755,인사일런스,솔리스트 캐시미어 코트 BLACK,159600,40,84,0,227,0,46000,black,2024120420,outers
4286590,노스페이스,NJ1DQ75F 남성 1996 에코 눕시 자켓_BROWN,399000,0,127,0,228,0,0,brown,2024120420,outers
4356816,무신사 스탠다드,시티 레저 시어 립스탑 후디드 다운 숏 패딩 재킷 [블랙],167890,20,164,0,229,0,0,블랙,2024120420,outers
4280410,노매뉴얼,AELLA DUCK DOWN - BROWN,179280,28,41,0,230,0,0,brown,2024120420,outers
4548940,노스페이스,NJ1DQ86L 화이트라벨 여성 노벨티 눕시 디테쳐블 다운 자켓 (RDS)_CREAM,408000,0,124,0,231,0,0,화이트,2024120420,outers
4356813,무신사 스탠다드,시티 레저 논 퀼팅 다운 숏 패딩 재킷 [블랙],116890,35,435,30,232,0,0,블랙,2024120420,outers
4499477,키뮤어,[WOOL 80] 울리치 발마칸 로브코트_블랙,146250,44,75,0,233,0,0,블랙,2024120420,outers
3477392,데상트,2024 롱 캐논 유러피언 구스다운 블랙(SP323SDJ91),469000,0,19,0,234,0,0,블랙,2024120420,outers
4211910,무신사 스탠다드 우먼,우먼즈 캐시미어 블렌드 발마칸 로브 코트 [오트밀],178390,15,188,0,235,0,0,,2024120420,outers
4489845,라퍼지스토어,VTG 쉐르파 데님 워크 자켓_Washed Black,67000,46,519,37,236,0,1200,black,2024120420,outers
4483644,더콜디스트모먼트,TCM web raglan light puffer jacket (black),161400,40,369,0,237,0,0,black,2024120420,outers
4422571,러프넥,워싱 레더 무스탕 자켓,152100,10,189,0,238,0,0,,2024120420,outers
4569353,블랙야크,아이스제로 레이디 다운자켓,299000,40,278,0,239,0,0,,2024120420,outers
4470917,무신사 스탠다드 스포츠,코어 익스트림 패딩 자켓 (3color),83940,40,254,0,240,0,1500,,2024120420,outers
3465159,애프터프레이,리가즈 해링턴 블루종 네이비,254250,25,90,0,241,0,1000,블루 | 네이비,2024120420,outers
4326722,무신사 스탠다드 스포츠,코어 클래식 패딩 자켓 (4colors),71920,20,86,0,242,0,2300,,2024120420,outers
2098326,드로우핏,프리미어 퓨어 캐시미어 발마칸 코트 [DARK BROWN],215600,30,143,0,243,0,2000,brown,2024120420,outers
4470056,수아레,서스테인 발마칸 패딩 코트 - 2 COLOR,109450,45,303,31,244,0,0,,2024120420,outers
3056018,후브스,코튼 투웨이 벌룬 니트 집업 [네이비],44064,50,179,0,245,0,8400,네이비,2024120420,outers
2870818,세터,레체 투 톤 덕 다운 패딩 글리터 그린 브라운,259350,35,322,0,246,0,1300,브라운 | 그린,2024120420,outers
4345672,노스페이스,NJ1DQ52J 화이트라벨 프리 무브 RDS 다운 자켓_BLACK,338000,0,127,0,247,0,0,black | 화이트,2024120420,outers
4495565,데상트,2023 캐논 구스 롱다운 자켓 블랙(SO323XDJ91),328300,30,88,0,248,0,0,블랙,2024120420,outers
4413238,맨인스토어 프로덕트,남여공용 푸퍼 숏패딩_Glossy,41900,70,217,0,249,0,1400,,2024120420,outers
2708077,무신사 스탠다드,캐시미어 블렌드 오버사이즈 발마칸 코트 [토프],169890,15,82,0,250,0,1500,,2024120420,outers
4499775,키뮤어,오버핏 2-WAY 더플 후드 롱패딩_블랙,123050,31,248,0,251,0,0,블랙,2024120420,outers
2996683,키뮤어,[24FW] 울(WOOL) 2-WAY 헤링턴 자켓_3COLOR,95400,40,159,0,252,0,7100,,2024120420,outers
4493677,와일드띵스,와일드띵스 마운틴 필드 패딩 자켓 그라파이트,176860,26,160,0,253,0,0,,2024120420,outers
3451315,노매뉴얼,SKADI DUCK DOWN - GLOSSY GRAY,159360,36,210,0,254,0,0,,2024120420,outers
3260637,아디다스,BB 트랙탑 - 스카이블루 / IK9150,89990,35,186,0,255,0,2100,블루,2024120420,outers
4454885,시티브리즈 우먼,에센셜 시티 크롭 패딩 점퍼_4COLORS,59150,65,681,37,256,0,1700,,2024120420,outers
4487741,도프셉,Basic Crop Mustang in Black/Black,113400,40,361,36,257,0,0,black,2024120420,outers
2700050,무신사 스탠다드 우먼,우먼즈 캐시미어 블렌드 발마칸 로브 코트 [다크 브라운],178390,15,169,0,258,0,1200,브라운,2024120420,outers
3378526,무신사 스탠다드,시티 레저 다운 패딩 베스트 [블랙],103890,20,55,0,259,0,3700,블랙,2024120420,outers
4512999,엘무드,그레이웨일 더블 코트 FELTRO 블랙,332900,10,2000,98,260,0,0,블랙 | 그레이,2024120420,outers
3656540,어나더 오피스,Voyager Balmacaan Coat (Dark Navy),385200,10,90,0,261,0,0,navy,2024120420,outers
4451771,마리떼,W BASIC DUCK DOWN CROP PUFFER ivory,207200,20,175,0,262,0,0,,2024120420,outers
3346087,무신사 스탠다드 우먼,우먼즈 캐시미어 블렌드 발마칸 로브 코트 [토프],178390,15,187,0,263,0,0,,2024120420,outers
4376737,더블유브이프로젝트,더프 헤링턴 자켓 브라운 JJOT7732,78800,25,133,0,264,0,3000,브라운,2024120420,outers
4437631,디미트리블랙,페이드 워싱 B-3 무스탕 자켓_블랙,49900,54,337,0,265,0,1200,블랙,2024120420,outers
4497999,엘엠씨,OG PUFFER DUCK DOWN PARKA,129000,41,925,44,266,0,0,,2024120420,outers
2093254,브이투,465-3 VEGAN LEATHER OVERFIT JACKET_BLACK,42000,53,47,0,267,0,15000,black,2024120420,outers
3584973,키뮤어,(우먼) 울(WOOL) 후드 더플 하프 코트_네이비,91260,46,151,0,268,0,1100,네이비,2024120420,outers
2782762,비슬로우,OVERSIZED CASHMERE BALMACAAN COAT MELANGE BROWN,269250,25,123,0,269,0,1200,brown,2024120420,outers
4350371,쿠어,베지터블 레더 A-2 자켓 (블랙),472500,10,82,0,270,0,0,블랙,2024120420,outers
4297863,내셔널지오그래픽,N244WDW920 여성 헤론 U넥 경량 다운 점퍼 CARBON BLACK,169000,0,20,0,271,0,0,black,2024120420,outers
3541136,캘빈클라인 진,여성 볼륨 넥 크롭 다운 푸퍼 J225572,166850,44,190,0,272,0,1600,,2024120420,outers
3465134,애프터프레이,투어리스트 발마칸 코트 네이비,233400,40,368,0,273,0,0,네이비,2024120420,outers
4327162,노스페이스,NJ1DQ99A 남성 히말라얀 파카 (RDS 다운)_BLACK,890000,0,43,0,274,0,0,black,2024120420,outers
2653637,무신사 스탠다드,데일리 푸퍼 리버서블 플리스 숏 패딩 재킷 [블랙/크림],76390,15,97,0,275,0,7100,블랙,2024120420,outers
4483145,오로,헤어리 버튼 울 숏 코트_2Color,97900,43,459,0,276,0,1200,,2024120420,outers
4209299,무신사 스탠다드,데일리 발마칸 코트 [블랙],110390,15,100,0,277,0,0,블랙,2024120420,outers
2139011,레이디 볼륨,465-1 비건 레더 오버핏 자켓,42000,53,68,0,278,0,24000,,2024120420,outers
3439979,어반디타입,(패딩or논패딩 선택) 코듀로이 래글런 자켓_네이비,45300,49,140,0,279,0,5300,네이비,2024120420,outers
4508016,코드그라피,[24년 리뉴얼VER.] RDS 유틸리티 덕다운 푸파 숏패딩_2color,122850,35,102,0,280,0,0,,2024120420,outers
3821705,로라로라,V NECK BASIC CARDIGAN GRAY,38697,44,452,0,281,0,4000,,2024120420,outers
4548659,노스페이스,NJ1DQ66C 남성 1996 워터 쉴드 눕시 다운 자켓_REAL BLACK,413100,10,24,0,282,0,0,black,2024120420,outers
2682099,무신사 스탠다드,몬스터 다운 파카 [블랙],151890,20,131,0,283,0,1900,블랙,2024120420,outers
4096384,노스페이스,NJ3NQ50A 남성 마리온 온볼 자켓_BLACK,175190,20,137,0,284,0,0,black,2024120420,outers
4454285,쿠어,오버사이즈 알파카 블렌드 더플 코트 (다크브라운멜란지),386100,10,67,0,285,0,0,브라운,2024120420,outers
4451668,쿠어,미니멀 카라 다운 자켓 (블랙),261000,10,85,0,286,0,0,블랙,2024120420,outers
4476487,오로,울리치 트렌치 맥코트_Oatmeal,158000,39,320,0,287,0,0,,2024120420,outers
4423184,유니폼브릿지,shelter duck down parka black,233350,35,131,0,288,0,0,black,2024120420,outers
4456849,노스페이스,NJ1DQ64A 남성 오푸스 RDS 다운 자켓_BLACK,383200,20,64,0,289,0,0,black,2024120420,outers
3574952,내셔널지오그래픽,N234MDW930 남성 타루가 퍼 트리밍 후디 다운 점퍼  MC GREY,232470,37,62,0,290,0,0,grey,2024120420,outers
4632372,예스아이씨,CORDURA® 5B Fond Down Jacket,114500,50,146,0,291,0,0,,2024120420,outers
3405570,무신사 스탠다드 우먼,우먼즈 캐시미어 블렌드 트렌치 코트 [차콜 그레이],191890,20,121,0,292,0,0,그레이 | 차콜,2024120420,outers
4545078,헬레네파리스,피티드 스웨이드 무스탕 [블랙],126000,25,165,0,293,0,0,블랙,2024120420,outers
4538569,드로우핏,[오정규X드로우핏] 시어링 미니멀 무스탕 자켓 [BEIGE],146300,30,61,0,294,0,0,,2024120420,outers
1635197,무신사 스탠다드,캐시미어 20 오버사이즈 싱글 코트 [블랙],183890,20,22,0,295,0,4500,블랙,2024120420,outers
2739130,코드그라피,헤비보아 CGP 더플 플리스 점퍼_블랙,47455,50,205,0,296,0,7500,블랙,2024120420,outers
4508006,코드그라피,[24년 리뉴얼VER.] RDS 유틸리티 덕다운 후드 숏패딩_카키,108450,46,279,0,297,0,0,,2024120420,outers
2285078,코드그라피,[패딩 Ver.] 피쉬테일 레이어드 후드 숏파카_블랙,89900,43,130,0,298,0,8900,블랙,2024120420,outers
3441876,레프트서울,에비에이터 B-3 무스탕 자켓 [말보로],62000,52,361,32,299,0,1500,,2024120420,outers
